Workbook
Name BBDD: '[1]Centro Nacional'!$AB$4:$AW$90
Name tabla_baj_hdp: '[2]TABLA HANDICAPS'!$E$4:$V$9

Sheet Jugadores
A1: Orden | B1: Nombre | C1: Licencia | D1: Mote | E1: Icono | F1: Movil | G1: Email | H1: Nombre y Apellidos | I1: 2019-2020 | J1: 2021 | K1: 2022 | L1: 2023 | M1: 2024 | N1: 2025 | O1: 2026
A2: 1 | B2: Nacho Gonzalez | C2: CME6076737 | D2: Nacho | E2: 🖐🏻 | H2: Ignacio González Salvador | I2: Si | J2: Si | K2: Si | L2: Si | M2: Si | N2: Si | O2: Si | W2: 🕺 | AF2: rneo Encin, 1 liga Cuartilla 28/12 10:50h-11:20h
A3: 2 | B3: Ignacio Cadarso | C3: CME6501940 | D3: Ignacio | E3: 😺 | H3: Ignacio Cadarso Amador | I3: Si | J3: Si | K3: Si | L3: Si | M3: Si | N3: Si | O3: Si | AF3: 1. David 🐗
A4: 3 | B4: Alfonso Hidalgo | C4: CME6255829 | D4: Alfonso | E4: 🏌️‍♂️ | F4: +34 669 459 016 | G4: hidalgoalfonso66@gmail.com | H4: Alfonso Hidalgo Lopez de Ayala | I4: Si | J4: Si | K4: Si | L4: Si | M4: Si | N4: Si | O4: Si | AF4: 2. Gifu 🤓
A5: 4 | B5: Francisco Alvarez | C5: CME6389026 | D5: Paco | E5: 🎸 | G5: falvarezoliva@gmail.com | H5: Francisco Alvarez Oliva | I5: Si | J5: Si | K5: Si | L5: Si | M5: Si | N5: Si | O5: Si | AF5: 3. Alvaro 🏊🏼‍♂️
A6: 5 | B6: Alvaro Aguirre | C6: CME6628917 | D6: Gifu | E6: 🤓 | F6: 666450522 | G6: aaguirrerodriguez@gmail.com | H6: Alvaro Aguirre Rodriguez | I6: Si | J6: Si | K6: Si | L6: Si | M6: Si | N6: Si | O6: Si | AF6: 4. Nacho 🖐️
A7: 6 | B7: José Pablo Guil | C7: CME6089043 | D7: JP | E7: ✈️ | H7: José Pablo Guil Salvador | I7: Si | J7: Si | K7: Si | L7: Si | M7: Si | N7: Si | O7: Si | AF7: 5. Alfonso 🏌️‍♂️
A8: 7 | B8: Javier Gonzalez Salvador | C8: CME6296170 | D8: Javi | E8: 🪱 | H8: Francisco Javier Gonzalez Salvador | I8: Si | J8: Si | K8: Si | L8: Si | M8: Si | N8: Si | O8: Si | U8: 🪱 | V8: 🐍 | AE8: 🐲 | AF8: 6. Miche 🐲
A9: 8 | B9: J. Enrique Gonzalez | C9: CME6392431 | D9: Kike | E9: 💀 | H9: Julio Enrique Gonzalez Salvador | I9: Si | J9: Si | K9: Si | L9: Si | M9: Si | N9: Si | O9: Si
A10: 9 | B10: Alvaro Nieto | C10: CM02386035 | D10: Alvaro | E10: 🏊 | H10: Alvaro Nieto Esteban | I10: Si | J10: Si | K10: Si | L10: Si | M10: Si | N10: Si | O10: Si
A11: 10 | B11: Pablo Munitiz | C11: CME6756891 | D11: Muni | E11: 👮‍♂️ | H11: Pablo Munitiz San Martin | I11: Si | J11: Si | K11: No | L11: No | M11: No | N11: No | O11: No
A12: 11 | B12: David Sequera | C12: CME6308858 | D12: David | E12: 🐗 | F12: +34 620 829 471 | G12: davidsequera@icloud.com | H12: David Sequera Merino | I12: Si | J12: Si | K12: Si | L12: Si | M12: Si | N12: Si | O12: Si
A13: 12 | B13: Angel Hernandez | C13: CME6169895 | D13: Angel | E13: 🏆 | H13: Angel Hernandez Rilova | I13: Si | J13: No | K13: Si | L13: Si | M13: Si | N13: Si | O13: Si | T13: BP16300744 | U13: 🤠 | V13: 🍄 | W13: 🍴 | X13: 🐣 | Y13: 🏆
A14: 13 | B14: GLEZ JUAN JOSÉ | C14: CME6296171 | D14: Juanjo | E14: 🦍 | H14: Juan José Gonzalez Salvador | I14: Si | J14: Si | K14: Si | L14: Si | M14: Si | N14: Si | O14: Si
A15: 14 | B15: Jesus Touceda | C15: CME6296994 | D15: Jesús | E15: 🍄 | H15: Jesus Rodriguez Touceda | I15: Si | J15: Si | K15: Si | L15: Si | M15: Si | N15: Si | O15: Si
A16: 15 | B16: Luis Escudero | C16: CME6760523 | D16: Lucho | E16: 🏍 | H16: Luis Manuel Escudero Mas | I16: Si | J16: No | K16: No | L16: No | M16: No | N16: No | O16: No
A17: 16 | B17: Javier Cervera | C17: CME6259082 | D17: Virus | E17: 🦠 | F17: 633 768 075 | G17: despacho@cerveraprocurador.com | H17: Javier Cervera Rodriguez | I17: Si | J17: Si | K17: Si | L17: Si | M17: Si | N17: Si | O17: Si
A18: 17 | B18: Francisco Hidalgo | C18: CME6632866 | D18: Fran | E18: ⚓️ | H18: Francisco Hidalgo Lopez de Ayala | I18: Si | J18: Si | K18: Si | L18: Si | M18: Si | N18: Si | O18: Si
A19: 18 | B19: Miguel Diaz Del Moral | C19: AM07096812 | D19: Cañita | E19: 🍺 | H19: Miguel Diaz del Moral Berdun | I19: No | J19: No | K19: No | L19: No | M19: No | N19: No | O19: No | V19: ☠️ | W19: 🦠
A20: 19 | B20: Miche Lopez | C20: CMA8937096 | D20: Miche | E20: 🐲 | H20: Vicente Lopez Calderón | I20: No | J20: Si | K20: Si | L20: Si | M20: Si | N20: Si | O20: Si
A21: 20 | B21: Alvaro Montoya | C21: AM62044928 | D21: Monti | E21: ⛳ | F21: 670 847 722 | G21: alvaro@bestmedia.es | H21: Alvaro Montoya Soler | I21: No | J21: Inv | K21: Si | L21: Si | M21: Si | N21: Si | O21: Si | T21: ⛳ | U21: 🏃‍♂️
A22: 21 | B22: Ruslan Kochman | C22: CM15639290 | D22: Rus | E22: 🧸 | H22: Ruslan Kochman | I22: No | J22: Inv | K22: Si | L22: Si | M22: Si | N22: Si | O22: Si
A23: 22 | B23: Nacho Casas | C23: CM15620350 | D23: Nachete | E23: 🐅 | F23: 619 893 390 | G23: ncasmartin0@gmail.com | H23: Ignacio Casas Martín | I23: No | J23: Inv | K23: Si | L23: Si | M23: Si | N23: Si | O23: Si | U23: 🐅
A24: 23 | B24: Franck Benouniche | C24: CM15259757 | D24: Franck | E24: 🏹 | H24: Franck Benouniche Founier | I24: No | J24: Inv | K24: Si | L24: Si | M24: Si | N24: Si | O24: Si
A25: 24 | B25: Javier Lopez Gullón | C25: CME6765008 | D25: Cuñao | E25: 👨🏻‍⚖️ | H25: Francisco Javier Lopez Gullón | I25: No | J25: No | K25: Si | L25: Si | M25: Si | N25: Si | O25: Si
A26: 25 | B26: Javier Chiralt | C26: CM52419365 | D26: Chiralt | E26: 🍗 | H26: Javier Chiralt Perez | I26: No | J26: No | K26: Si | L26: Si | M26: Si | N26: Si | O26: Si
A27: 26 | B27: Alfonso Zorrilla | C27: CM00159560 | D27: A Zorrilla | E27: 🐺 | H27: Alfonso Zorrilla | I27: No | J27: Inv | K27: Inv | L27: Inv | M27: Inv | N27: Inv | O27: Inv
A28: 27 | B28: Enrique Gonzalez R | C28: CM87625434 | D28: Enrique | E28: 🚵‍♂ | H28: Pablo Enrique Gonzalez Ramirez | I28: No | J28: No | K28: Si | L28: Si | M28: Si | N28: Si | O28: Si
A29: 28 | B29: Alejandro Arcos | C29: CM00358747 | D29: Alex | E29: 🦐 | H29: Alejandro Arcos Campillo | I29: No | J29: No | K29: Inv | L29: Si | M29: Si | N29: Si | O29: Si
A30: 29 | B30: Antonio Carmona | C30: CM00157281 | D30: Antonio | H30: Antonio Carmona Quesada | I30: No | J30: No | K30: Inv | L30: Si | M30: Si | N30: Si | O30: Si
A31: 30 | B31: Santi Diaz | C31: CM05807868 | D31: Santi | H31: Santiago Diaz Dominguez | I31: No | J31: No | K31: Inv | L31: Inv | M31: Inv | N31: Si | O31: Si
A32: 31 | B32: Juan Jose Aguado | C32: CM15989410 | D32: Juancho | E32: 🦎 | H32: Juan Jose Aguado Rodriguez de Trio | I32: No | J32: No | K32: Inv | L32: Si | M32: Si | N32: Si | O32: Si
A33: 32 | B33: Jaime Villanueva | C33: CMA8990856 | D33: Villanueva | H33: Jaime Villanueva Ghisleri | I33: No | J33: No | K33: Inv | L33: Inv | M33: Inv | N33: Inv | O33: Si
A34: 33 | B34: Carlos Hijas | C34: CM81957137 | D34: Hijas | H34: Carlos Hijas Galvez | I34: No | J34: No | K34: Inv | L34: No | M34: No | N34: No | O34: No
A35: 34 | B35: Carlos Maestro | C35: 4401188458 | D35: Carlitos | E35: 🔥 | H35: Carlos Maestro Aguilera | I35: No | J35: No | K35: Inv | L35: Si | M35: Si | N35: Si | O35: Si | T35: 🥟
A36: 35 | B36: Jorge Alberto Martínez Sánchez | C36: AM12098542 | D36: Jorge | H36: Jorge Alberto Martínez Sánchez | I36: No | J36: No | K36: Inv | L36: Si | M36: Si | N36: Si | O36: Si
A37: 36 | B37: Ignacio Gracia Charlez | C37: CM15762628 | D37: I Gracia | H37: Ignacio Gracia Charlez | I37: No | J37: No | K37: Inv | L37: Inv | M37: Inv | N37: Inv | O37: Inv
A38: 37 | B38: Eduardo Buendía | C38: CM00192650 | D38: Eduardo | E38: 🐧 | F38: +34 682 396 740 | G38: Buendiamdp@hotmail.com | H38: Eduardo Buendía Pan | I38: No | J38: No | K38: Inv | L38: Si | M38: Si | N38: Si | O38: Si | T38: 🐧 | U38: 🏉 | W38: duardo | X38: 🐧
A39: 38 | B39: Javier Arcos | C39: CM00065999 | D39: J.Arcos | E39: 🌵 | H39: Javier Arcos Campillo | I39: No | J39: No | K39: Inv | L39: Si | M39: Si | N39: Si | O39: Si
A40: 39 | B40: Emiliano Buendía | C40: 1017680906 | D40: Emi | H40: Emiliano Buendía Stati | I40: No | J40: No | K40: Inv | L40: Inv | M40: Inv | N40: Inv | O40: Inv
A41: 40 | B41: Luis Fernandez | C41: CM56622888 | D41: Luis | E41: 🫥 | H41: Luis Fernandez | I41: No | J41: No | K41: No | L41: Si | M41: Si | N41: Si | O41: Si
A42: 41 | B42: Javier Campo | C42: CM15982045 | D42: Campo | H42: Javier Campo Baelo | I42: No | J42: No | K42: No | L42: Inv | M42: Inv | N42: Inv | O42: Inv
A43: 42 | B43: Juan Luis Nieto | C43: CM05501292 | D43: Juan Luis | H43: Juan Luis Nieto Fernandez | I43: No | J43: No | K43: No | L43: Inv | M43: Inv | N43: Inv | O43: Inv
A44: 43 | B44: Jose Antonio Santana | C44: CM33885568 | D44: J Antonio | H44: Jose Antonio Santana Sanchez | I44: No | J44: No | K44: No | L44: Si | M44: Si | N44: Si | O44: Si
A45: 44 | B45: Javier Dodero de Solano | C45: CM05160312 | D45: Dodero | H45: Javier Dodero de Solano | I45: No | J45: No | K45: No | L45: No | M45: Inv | N45: Inv | O45: Inv
A46: 45 | B46: Angel Santana | C46: CMC8780682 | D46: A.Santana | E46: 🪄 | H46: Angel Santana Aguilera | I46: No | J46: No | K46: No | L46: No | M46: Si | N46: Si | O46: Si
A47: 46 | B47: Thomas Dauterman | C47: CM15386122 | D47: Tom | H47: Thomas Dauterman | I47: No | J47: No | K47: No | L47: No | M47: Inv | N47: Si | O47: Si
A48: 47 | B48: Juan Sanz | C48: CM00509304 | D48: JuanSanz | E48: 🤠 | H48: Juan Sanz Hurtado | I48: No | J48: No | K48: No | L48: No | M48: Si | N48: Si | O48: Si
A49: 48 | B49: Jorge Maestro Aguilera | C49: CM00996656 | D49: JMaestro | H49: Jorge Maestro Aguilera | I49: No | J49: No | K49: No | L49: No | M49: Inv | N49: Inv | O49: Inv
A50: 49 | B50: Jesús Otero | C50: 7732210583 | D50: Otero | H50: Jesús Otero del Rio | I50: No | J50: No | K50: No | L50: No | M50: Inv | N50: Inv | O50: Inv
A51: 50 | B51: Joaquín Sánchez | C51: CM15305932 | D51: Joaco | H51: Joaquín Sánchez Guzman | I51: No | J51: No | K51: No | L51: No | M51: Inv | N51: Si | O51: Si
A52: 51 | B52: Miguel Angel Aguilera | C52: CMC8213369 | D52: M Angel | H52: Miguel Angel Aguilera | I52: No | J52: No | K52: No | L52: No | M52: No | N52: Inv | O52: Inv
A53: 52 | B53: Jaime de la Cal | C53: CM00417892 | D53: Jaime | H53: Jaime de la Cal | I53: No | J53: No | K53: No | L53: No | M53: No | N53: Si | O53: Si
A54: 53 | B54: Victor Morillo | C54: CM15969376 | D54: Victor | F54: +34690124197 | G54: victormorilloae@gmail.com | H54: Victor Morillo Arrizabalaga | I54: No | J54: No | K54: No | L54: No | M54: No | N54: Inv | O54: Si
A55: 54 | B55: Jaime Orlando Larregui | C55: CM00160732 | D55: Orlando | H55: Jaime Orlando Larregui | I55: No | J55: No | K55: No | L55: No | M55: No | N55: Inv | O55: Inv
A56: 55 | B56: Ignacio Ibor | C56: LV00379658 | D56: Nachoiberico | H56: Ignacio Ibor Campos | I56: No | J56: No | K56: No | L56: No | M56: No | N56: No | O56: Si
A57: 56 | B57: Javier Aguirre | C57: 0110893758 | D57: Javichu | G57: javigorgol@gmail.com | H57: Javier Aguirre Rodriguez | I57: No | J57: No | K57: No | L57: No | M57: No | N57: No | O57: Inv
A58: 57 | B58: Marcos Ruiz | C58: CM81520189 | D58: Marcos | F58: 616606851 | H58: Marcos Ruiz Villanueva | I58: No | J58: No | K58: No | L58: No | M58: No | N58: No | O58: Si
A59: 58 | B59: Nicolas Sequera | C59: CM81928678 | D59: Nico | F59: 676052930 | G59: nicolassequera@icloud.com | H59: Nicolas Sequera Cejas | I59: No | J59: No | K59: No | L59: No | M59: No | N59: No | O59: Si
A60: 59 | B60: Beatriz Alvarez | C60: CM00065996 | D60: Bea | H60: Beatriz Alvarez | I60: No | J60: No | K60: No | L60: No | M60: No | N60: No | O60: Inv
A61: 60 | B61: Lucas Arcos | C61: CMA8069482 | D61: Lucas | H61: Lucas Arcos | I61: No | J61: No | K61: No | L61: No | M61: No | N61: No | O61: Inv
E65: CM33780682 | F65: Angel Santana - Antigua
E66: CMC8780682 | F66: Angel Santana - Nueva
E68: CME6628917 | F68: Alvaro Aguirre Rodriguez | G68: aaguirrerodriguez@gmail.com
E69: AM62044928 | F69: Alvaro Montoya Soler | G69: alvaro@bestmedia.es
E72: CME6308858 | F72: David Sequera Merino | G72: davidsequera@icloud.com
E73: CME6259082 | F73: Javier Cervera Rodriguez | G73: despacho@cerveraprocurador.com

Sheet Calendario
A1: Fecha | B1: Temporada | C1: NºTorneo | D1: Campo | E1: Barras | F1: TorneoID | G1: Organizado | H1: RdosQuitar | I1: NºTornPunt | J1: Campo-Barras | K1: Tee Salida | L1: Salidas | M1: DiaSem | N1: Precio | O1: Salida | P1: Hora | Q1: Observaciones | R1: Competicion | S1: Temp-Ntorn | U1: % Puntúan
A2: 45346 | B2: 2024 | C2: 1 | D2: Retamares | E2: Amarillas | F2: 2 | G2: David | H2: 0 | I2: =+dCalendario[[#This Row],[NºTorneo]]-dCalendario[[#This Row],[RdosQuitar]] -> 1 | J2: =+dCalendario[[#This Row],[Campo]]&"-"&dCalendario[[#This Row],[Barras]] -> Retamares-Amarillas | K2: 1 | L2: Hdcp | M2: =+WEEKDAY(dCalendario[[#This Row],[Fecha]],2) -> 6 | N2: 60 | O2: Progresivas | P2: 12:00 | Q2: Reserva 32 salidas | R2: Liga | S2: =+dCalendario[[#This Row],[Temporada]]&":"&dCalendario[[#This Row],[NºTorneo]] -> 2024:1 | U2: =+dCalendario[[#This Row],[NºTornPunt]]/dCalendario[[#This Row],[NºTorneo]] -> 1
A3: 45360 | B3: 2024 | C3: 2 | D3: El Encin | E3: Amarillas | F3: 2 | G3: David | H3: 1 | I3: =+dCalendario[[#This Row],[NºTorneo]]-dCalendario[[#This Row],[RdosQuitar]] -> 1 | J3: =+dCalendario[[#This Row],[Campo]]&"-"&dCalendario[[#This Row],[Barras]] -> El Encin-Amarillas | L3: Hdcp | M3: =+WEEKDAY(dCalendario[[#This Row],[Fecha]],2) -> 6 | R3: Liga | S3: =+dCalendario[[#This Row],[Temporada]]&":"&dCalendario[[#This Row],[NºTorneo]] -> 2024:2 | U3: =+dCalendario[[#This Row],[NºTornPunt]]/dCalendario[[#This Row],[NºTorneo]] -> 0.5
A4: 45409 | B4: 2024 | C4: 3 | D4: Cabanillas | E4: Amarillas | F4: 2 | G4: David | H4: 1 | I4: =+dCalendario[[#This Row],[NºTorneo]]-dCalendario[[#This Row],[RdosQuitar]] -> 2 | J4: =+dCalendario[[#This Row],[Campo]]&"-"&dCalendario[[#This Row],[Barras]] -> Cabanillas-Amarillas | L4: Clasif | M4: =+WEEKDAY(dCalendario[[#This Row],[Fecha]],2) -> 6 | R4: Liga | S4: =+dCalendario[[#This Row],[Temporada]]&":"&dCalendario[[#This Row],[NºTorneo]] -> 2024:3 | U4: =+dCalendario[[#This Row],[NºTornPunt]]/dCalendario[[#This Row],[NºTorneo]] -> 0.66666667
A5: 45430 | B5: 2024 | C5: 4 | D5: Saldaña | E5: Amarillas | F5: 3 | G5: David | H5: 1 | I5: =+dCalendario[[#This Row],[NºTorneo]]-dCalendario[[#This Row],[RdosQuitar]] -> 3 | J5: =+dCalendario[[#This Row],[Campo]]&"-"&dCalendario[[#This Row],[Barras]] -> Saldaña-Amarillas | L5: Hdcp | M5: =+WEEKDAY(dCalendario[[#This Row],[Fecha]],2) -> 6 | N5: 40 | O5: Progresivas | P5: 10:00 | R5: Liga | S5: =+dCalendario[[#This Row],[Temporada]]&":"&dCalendario[[#This Row],[NºTorneo]] -> 2024:4 | U5: =+dCalendario[[#This Row],[NºTornPunt]]/dCalendario[[#This Row],[NºTorneo]] -> 0.75
A6: 45431 | B6: 2024 | C6: 5 | D6: Lerma | E6: Amarillas | F6: 2 | G6: David | H6: 1 | I6: =+dCalendario[[#This Row],[NºTorneo]]-dCalendario[[#This Row],[RdosQuitar]] -> 4 | J6: =+dCalendario[[#This Row],[Campo]]&"-"&dCalendario[[#This Row],[Barras]] -> Lerma-Amarillas | L6: Clasif | M6: =+WEEKDAY(dCalendario[[#This Row],[Fecha]],2) -> 7 | N6: 40 | O6: Progresivas | P6: 10:00 | Q6: Precio 82€ inlcuye lechazo | R6: Liga | S6: =+dCalendario[[#This Row],[Temporada]]&":"&dCalendario[[#This Row],[NºTorneo]] -> 2024:5 | U6: =+dCalendario[[#This Row],[NºTornPunt]]/dCalendario[[#This Row],[NºTorneo]] -> 0.8
A7: 45444 | B7: 2024 | C7: 6 | D7: Calatayud | E7: Amarillas | F7: 3 | G7: David | H7: 2 | I7: =+dCalendario[[#This Row],[NºTorneo]]-dCalendario[[#This Row],[RdosQuitar]] -> 4 | J7: =+dCalendario[[#This Row],[Campo]]&"-"&dCalendario[[#This Row],[Barras]] -> Calatayud-Amarillas | L7: Clasif | M7: =+WEEKDAY(dCalendario[[#This Row],[Fecha]],2) -> 6 | N7: 40 | O7: Progresivas | P7: 10:30 | R7: Liga | S7: =+dCalendario[[#This Row],[Temporada]]&":"&dCalendario[[#This Row],[NºTorneo]] -> 2024:6 | U7: =+dCalendario[[#This Row],[NºTornPunt]]/dCalendario[[#This Row],[NºTorneo]] -> 0.66666667
A8: 45479 | B8: 2024 | C8: 7 | D8: Palomarejos | E8: Amarillas | F8: 3 | G8: David | H8: 2 | I8: =+dCalendario[[#This Row],[NºTorneo]]-dCalendario[[#This Row],[RdosQuitar]] -> 5 | J8: =+dCalendario[[#This Row],[Campo]]&"-"&dCalendario[[#This Row],[Barras]] -> Palomarejos-Amarillas | L8: Clasif | M8: =+WEEKDAY(dCalendario[[#This Row],[Fecha]],2) -> 6 | N8: 47 | O8: A tiro | P8: 09:45 | R8: Liga | S8: =+dCalendario[[#This Row],[Temporada]]&":"&dCalendario[[#This Row],[NºTorneo]] -> 2024:7 | U8: =+dCalendario[[#This Row],[NºTornPunt]]/dCalendario[[#This Row],[NºTorneo]] -> 0.71428571
A9: 45577 | B9: 2024 | C9: 8 | D9: La Faisanera | E9: Amarillas | F9: 2 | G9: David | H9: 3 | I9: =+dCalendario[[#This Row],[NºTorneo]]-dCalendario[[#This Row],[RdosQuitar]] -> 5 | J9: =+dCalendario[[#This Row],[Campo]]&"-"&dCalendario[[#This Row],[Barras]] -> La Faisanera-Amarillas | L9: Clasif | M9: =+WEEKDAY(dCalendario[[#This Row],[Fecha]],2) -> 6 | N9: 39 | O9: A tiro | P9: 09:30 | R9: Liga | S9: =+dCalendario[[#This Row],[Temporada]]&":"&dCalendario[[#This Row],[NºTorneo]] -> 2024:8 | U9: =+dCalendario[[#This Row],[NºTornPunt]]/dCalendario[[#This Row],[NºTorneo]] -> 0.625
A10: 45612 | B10: 2024 | C10: 9 | D10: Naturávila | E10: Amarillas | F10: 2 | G10: David | H10: 2 | I10: =+dCalendario[[#This Row],[NºTorneo]]-dCalendario[[#This Row],[RdosQuitar]] -> 7 | J10: =+dCalendario[[#This Row],[Campo]]&"-"&dCalendario[[#This Row],[Barras]] -> Naturávila-Amarillas | L10: Clasif | M10: =+WEEKDAY(dCalendario[[#This Row],[Fecha]],2) -> 6 | N10: 30 | O10: A tiro | P10: 09:30 | Q10: Buggy 30€ ; trollet 12€ | R10: Liga | S10: =+dCalendario[[#This Row],[Temporada]]&":"&dCalendario[[#This Row],[NºTorneo]] -> 2024:9 | U10: =+dCalendario[[#This Row],[NºTornPunt]]/dCalendario[[#This Row],[NºTorneo]] -> 0.77777778
A11: 45626 | B11: 2024 | C11: 10 | D11: Layos | E11: Amarillas | F11: 3 | G11: David | H11: 3 | I11: =+dCalendario[[#This Row],[NºTorneo]]-dCalendario[[#This Row],[RdosQuitar]] -> 7 | J11: =+dCalendario[[#This Row],[Campo]]&"-"&dCalendario[[#This Row],[Barras]] -> Layos-Amarillas | L11: Clasif | M11: =+WEEKDAY(dCalendario[[#This Row],[Fecha]],2) -> 6 | N11: 40 | O11: A tiro | P11: 09:30 | Q11: GF+Cocido 65€ | R11: Liga | S11: =+dCalendario[[#This Row],[Temporada]]&":"&dCalendario[[#This Row],[NºTorneo]] -> 2024:10 | U11: =+dCalendario[[#This Row],[NºTornPunt]]/dCalendario[[#This Row],[NºTorneo]] -> 0.7
A12: 45647 | B12: 2024 | C12: 11 | D12: Santander | E12: Amarillas | F12: 1 | G12: David | H12: 3 | I12: =+dCalendario[[#This Row],[NºTorneo]]-dCalendario[[#This Row],[RdosQuitar]] -> 8 | J12: =+dCalendario[[#This Row],[Campo]]&"-"&dCalendario[[#This Row],[Barras]] -> Santander-Amarillas | L12: Clasif | M12: =+WEEKDAY(dCalendario[[#This Row],[Fecha]],2) -> 6 | N12: 71 | O12: A tiro | P12: 10:00 | R12: Liga | S12: =+dCalendario[[#This Row],[Temporada]]&":"&dCalendario[[#This Row],[NºTorneo]] -> 2024:11 | U12: =+dCalendario[[#This Row],[NºTornPunt]]/dCalendario[[#This Row],[NºTorneo]] -> 0.72727273
A13: 45703 | B13: 2025 | C13: 1 | D13: Layos | E13: Amarillas | F13: 2 | G13: David | H13: 0 | I13: =+dCalendario[[#This Row],[NºTorneo]]-dCalendario[[#This Row],[RdosQuitar]] -> 1 | J13: =+dCalendario[[#This Row],[Campo]]&"-"&dCalendario[[#This Row],[Barras]] -> Layos-Amarillas | L13: Hdcp | M13: =+WEEKDAY(dCalendario[[#This Row],[Fecha]],2) -> 6 | N13: 40 | O13: A tiro | P13: 9:00 | Q13: 65€ cocido y picnic | R13: Liga | S13: =+dCalendario[[#This Row],[Temporada]]&":"&dCalendario[[#This Row],[NºTorneo]] -> 2025:1
A14: 45738 | B14: 2025 | C14: 2 | D14: El Encin | E14: Amarillas | F14: 2 | G14: David | H14: 1 | I14: =+dCalendario[[#This Row],[NºTorneo]]-dCalendario[[#This Row],[RdosQuitar]] -> 1 | J14: =+dCalendario[[#This Row],[Campo]]&"-"&dCalendario[[#This Row],[Barras]] -> El Encin-Amarillas | L14: Hdcp | M14: =+WEEKDAY(dCalendario[[#This Row],[Fecha]],2) -> 6 | N14: 56 | O14: Sucesivas | P14: 12:00 | R14: Liga | S14: =+dCalendario[[#This Row],[Temporada]]&":"&dCalendario[[#This Row],[NºTorneo]] -> 2025:2
A15: 45774 | B15: 2025 | C15: 3 | D15: Naturávila | E15: Amarillas | F15: 2 | G15: David | H15: 1 | I15: =+dCalendario[[#This Row],[NºTorneo]]-dCalendario[[#This Row],[RdosQuitar]] -> 2 | J15: =+dCalendario[[#This Row],[Campo]]&"-"&dCalendario[[#This Row],[Barras]] -> Naturávila-Amarillas | L15: Hdcp | M15: =+WEEKDAY(dCalendario[[#This Row],[Fecha]],2) -> 7 | N15: 35 | O15: A tiro | P15: 10:00 | Q15: 25 € bugy | 7€ trolley | 22,50€ comida | R15: Liga | S15: =+dCalendario[[#This Row],[Temporada]]&":"&dCalendario[[#This Row],[NºTorneo]] -> 2025:3
A16: 45794 | B16: 2025 | C16: 4 | D16: Saldaña | E16: Amarillas | F16: 3 | G16: David | H16: 1 | I16: =+dCalendario[[#This Row],[NºTorneo]]-dCalendario[[#This Row],[RdosQuitar]] -> 3 | J16: =+dCalendario[[#This Row],[Campo]]&"-"&dCalendario[[#This Row],[Barras]] -> Saldaña-Amarillas | L16: Clasif | M16: =+WEEKDAY(dCalendario[[#This Row],[Fecha]],2) -> 6 | N16: 44 | O16: A tiro | P16: 9:30 | Q16: 36€ Bugy 16€ Electr 5€ Manual | R16: Liga | S16: =+dCalendario[[#This Row],[Temporada]]&":"&dCalendario[[#This Row],[NºTorneo]] -> 2025:4
A17: 45795 | B17: 2025 | C17: 5 | D17: Lerma | E17: Amarillas | F17: 2 | G17: David | H17: 1 | I17: =+dCalendario[[#This Row],[NºTorneo]]-dCalendario[[#This Row],[RdosQuitar]] -> 4 | J17: =+dCalendario[[#This Row],[Campo]]&"-"&dCalendario[[#This Row],[Barras]] -> Lerma-Amarillas | L17: Clasif | M17: =+WEEKDAY(dCalendario[[#This Row],[Fecha]],2) -> 7 | N17: 44 | O17: Sucesivas | P17: 10:00 | Q17: Entreno 35 € || 36€ Bugy 16€ Electr 5@ Manual | R17: Liga | S17: =+dCalendario[[#This Row],[Temporada]]&":"&dCalendario[[#This Row],[NºTorneo]] -> 2025:5
A18: 45829 | B18: 2025 | C18: 6 | D18: Calatayud | E18: Amarillas | F18: 3 | G18: David | H18: 2 | I18: =+dCalendario[[#This Row],[NºTorneo]]-dCalendario[[#This Row],[RdosQuitar]] -> 4 | J18: =+dCalendario[[#This Row],[Campo]]&"-"&dCalendario[[#This Row],[Barras]] -> Calatayud-Amarillas | L18: Clasif | M18: =+WEEKDAY(dCalendario[[#This Row],[Fecha]],2) -> 6 | N18: 42 | O18: Sucesivas | P18: 9:30 | Q18: Entreno 32 € || Menú 22 € | R18: Liga | S18: =+dCalendario[[#This Row],[Temporada]]&":"&dCalendario[[#This Row],[NºTorneo]] -> 2025:6
A19: 45851 | B19: 2025 | C19: 7 | D19: Palomarejos | E19: Amarillas | F19: 2 | G19: David | H19: 2 | I19: =+dCalendario[[#This Row],[NºTorneo]]-dCalendario[[#This Row],[RdosQuitar]] -> 5 | J19: =+dCalendario[[#This Row],[Campo]]&"-"&dCalendario[[#This Row],[Barras]] -> Palomarejos-Amarillas | L19: Clasif | M19: =+WEEKDAY(dCalendario[[#This Row],[Fecha]],2) -> 7 | N19: 48 | O19: A tiro | P19: 9:30 | R19: Liga | S19: =+dCalendario[[#This Row],[Temporada]]&":"&dCalendario[[#This Row],[NºTorneo]] -> 2025:7
A20: 45920 | B20: 2025 | C20: 8 | D20: Naturávila | E20: Amarillas | F20: 2 | G20: David | H20: 3 | I20: =+dCalendario[[#This Row],[NºTorneo]]-dCalendario[[#This Row],[RdosQuitar]] -> 5 | J20: =+dCalendario[[#This Row],[Campo]]&"-"&dCalendario[[#This Row],[Barras]] -> Naturávila-Amarillas | L20: Clasif | M20: =+WEEKDAY(dCalendario[[#This Row],[Fecha]],2) -> 6 | N20: 22.5 | Q20: 35 € Menú jugador | R20: Liga | S20: =+dCalendario[[#This Row],[Temporada]]&":"&dCalendario[[#This Row],[NºTorneo]] -> 2025:8
A21: 45948 | B21: 2025 | C21: 9 | D21: La Faisanera | E21: Amarillas | F21: 2 | G21: David | H21: 2 | I21: =+dCalendario[[#This Row],[NºTorneo]]-dCalendario[[#This Row],[RdosQuitar]] -> 7 | J21: =+dCalendario[[#This Row],[Campo]]&"-"&dCalendario[[#This Row],[Barras]] -> La Faisanera-Amarillas | L21: Clasif | M21: =+WEEKDAY(dCalendario[[#This Row],[Fecha]],2) -> 6 | N21: 42 | O21: A tiro | P21: 9:30 | R21: Liga | S21: =+dCalendario[[#This Row],[Temporada]]&":"&dCalendario[[#This Row],[NºTorneo]] -> 2025:9
A22: 45983 | B22: 2025 | C22: 10 | D22: Layos | E22: Amarillas | F22: 3 | G22: David | H22: 3 | I22: =+dCalendario[[#This Row],[NºTorneo]]-dCalendario[[#This Row],[RdosQuitar]] -> 7 | J22: =+dCalendario[[#This Row],[Campo]]&"-"&dCalendario[[#This Row],[Barras]] -> Layos-Amarillas | L22: Clasif | M22: =+WEEKDAY(dCalendario[[#This Row],[Fecha]],2) -> 6 | N22: 40 | O22: A tiro | P22: 9:30 | Q22: 65€ cocido y picnic | R22: Liga | S22: =+dCalendario[[#This Row],[Temporada]]&":"&dCalendario[[#This Row],[NºTorneo]] -> 2025:10
A23: 45990 | B23: 2025 | C23: 11 | D23: Olivar | E23: Amarillas | F23: 1 | G23: David | H23: 3 | I23: =+dCalendario[[#This Row],[NºTorneo]]-dCalendario[[#This Row],[RdosQuitar]] -> 8 | J23: =+dCalendario[[#This Row],[Campo]]&"-"&dCalendario[[#This Row],[Barras]] -> Olivar-Amarillas | L23: Clasif | M23: =+WEEKDAY(dCalendario[[#This Row],[Fecha]],2) -> 6 | N23: 55 | O23: Sucesivas | P23: 11:00 | Q23: 65€ Coctel - Entrega de premios | R23: Liga | S23: =+dCalendario[[#This Row],[Temporada]]&":"&dCalendario[[#This Row],[NºTorneo]] -> 2025:11
A24: 46075 | B24: 2026 | C24: 1 | D24: Santander | E24: Amarillas | F24: 2 | G24: David | H24: 0 | I24: =+dCalendario[[#This Row],[NºTorneo]]-dCalendario[[#This Row],[RdosQuitar]] -> 1 | J24: =+dCalendario[[#This Row],[Campo]]&"-"&dCalendario[[#This Row],[Barras]] -> Santander-Amarillas | L24: Hdcp | M24: =+WEEKDAY(dCalendario[[#This Row],[Fecha]],2) -> 7 | R24: Liga | S24: =+dCalendario[[#This Row],[Temporada]]&":"&dCalendario[[#This Row],[NºTorneo]] -> 2026:1
A25: 46102 | B25: 2026 | C25: 2 | D25: Palomarejos | E25: Amarillas | F25: 2 | G25: David | H25: 1 | I25: =+dCalendario[[#This Row],[NºTorneo]]-dCalendario[[#This Row],[RdosQuitar]] -> 1 | J25: =+dCalendario[[#This Row],[Campo]]&"-"&dCalendario[[#This Row],[Barras]] -> Palomarejos-Amarillas | L25: Hdcp | M25: =+WEEKDAY(dCalendario[[#This Row],[Fecha]],2) -> 6 | R25: Liga | S25: =+dCalendario[[#This Row],[Temporada]]&":"&dCalendario[[#This Row],[NºTorneo]] -> 2026:2
A26: 46137 | B26: 2026 | C26: 3 | D26: Naturávila | E26: Amarillas | F26: 2 | G26: David | H26: 1 | I26: =+dCalendario[[#This Row],[NºTorneo]]-dCalendario[[#This Row],[RdosQuitar]] -> 2 | J26: =+dCalendario[[#This Row],[Campo]]&"-"&dCalendario[[#This Row],[Barras]] -> Naturávila-Amarillas | L26: Hdcp | M26: =+WEEKDAY(dCalendario[[#This Row],[Fecha]],2) -> 6 | R26: Liga | S26: =+dCalendario[[#This Row],[Temporada]]&":"&dCalendario[[#This Row],[NºTorneo]] -> 2026:3
A27: 46172 | B27: 2026 | C27: 4 | D27: Saldaña | E27: Amarillas | F27: 3 | G27: David | H27: 1 | I27: =+dCalendario[[#This Row],[NºTorneo]]-dCalendario[[#This Row],[RdosQuitar]] -> 3 | J27: =+dCalendario[[#This Row],[Campo]]&"-"&dCalendario[[#This Row],[Barras]] -> Saldaña-Amarillas | L27: Clasif | M27: =+WEEKDAY(dCalendario[[#This Row],[Fecha]],2) -> 6 | R27: Liga | S27: =+dCalendario[[#This Row],[Temporada]]&":"&dCalendario[[#This Row],[NºTorneo]] -> 2026:4
A28: 46173 | B28: 2026 | C28: 5 | D28: Lerma | E28: Amarillas | F28: 2 | G28: David | H28: 1 | I28: =+dCalendario[[#This Row],[NºTorneo]]-dCalendario[[#This Row],[RdosQuitar]] -> 4 | J28: =+dCalendario[[#This Row],[Campo]]&"-"&dCalendario[[#This Row],[Barras]] -> Lerma-Amarillas | L28: Clasif | M28: =+WEEKDAY(dCalendario[[#This Row],[Fecha]],2) -> 7 | R28: Liga | S28: =+dCalendario[[#This Row],[Temporada]]&":"&dCalendario[[#This Row],[NºTorneo]] -> 2026:5
A29: 46200 | B29: 2026 | C29: 6 | D29: Layos | E29: Amarillas | F29: 2 | G29: David | H29: 2 | I29: =+dCalendario[[#This Row],[NºTorneo]]-dCalendario[[#This Row],[RdosQuitar]] -> 4 | J29: =+dCalendario[[#This Row],[Campo]]&"-"&dCalendario[[#This Row],[Barras]] -> Layos-Amarillas | L29: Clasif | M29: =+WEEKDAY(dCalendario[[#This Row],[Fecha]],2) -> 6 | R29: Liga | S29: =+dCalendario[[#This Row],[Temporada]]&":"&dCalendario[[#This Row],[NºTorneo]] -> 2026:6
A30: 46221 | B30: 2026 | C30: 7 | D30: Desert Spring | E30: Amarillas | F30: 2 | G30: David | H30: 2 | I30: =+dCalendario[[#This Row],[NºTorneo]]-dCalendario[[#This Row],[RdosQuitar]] -> 5 | J30: =+dCalendario[[#This Row],[Campo]]&"-"&dCalendario[[#This Row],[Barras]] -> Desert Spring-Amarillas | L30: Clasif | M30: =+WEEKDAY(dCalendario[[#This Row],[Fecha]],2) -> 6 | R30: Liga | S30: =+dCalendario[[#This Row],[Temporada]]&":"&dCalendario[[#This Row],[NºTorneo]] -> 2026:7
A31: 46222 | B31: 2026 | C31: 8 | D31: Aguilón | E31: Amarillas | F31: 2 | G31: David | H31: 3 | I31: =+dCalendario[[#This Row],[NºTorneo]]-dCalendario[[#This Row],[RdosQuitar]] -> 5 | J31: =+dCalendario[[#This Row],[Campo]]&"-"&dCalendario[[#This Row],[Barras]] -> Aguilón-Amarillas | L31: Clasif | M31: =+WEEKDAY(dCalendario[[#This Row],[Fecha]],2) -> 7 | R31: Liga | S31: =+dCalendario[[#This Row],[Temporada]]&":"&dCalendario[[#This Row],[NºTorneo]] -> 2026:8
A32: 46277 | B32: 2026 | C32: 9 | D32: La Faisanera | E32: Amarillas | F32: 3 | G32: David | H32: 3 | I32: =+dCalendario[[#This Row],[NºTorneo]]-dCalendario[[#This Row],[RdosQuitar]] -> 6 | J32: =+dCalendario[[#This Row],[Campo]]&"-"&dCalendario[[#This Row],[Barras]] -> La Faisanera-Amarillas | L32: Clasif | M32: =+WEEKDAY(dCalendario[[#This Row],[Fecha]],2) -> 6 | R32: Liga | S32: =+dCalendario[[#This Row],[Temporada]]&":"&dCalendario[[#This Row],[NºTorneo]] -> 2026:9
A33: 46313 | B33: 2026 | C33: 10 | D33: Naturávila | E33: Amarillas | F33: 2 | G33: David | H33: 3 | I33: =+dCalendario[[#This Row],[NºTorneo]]-dCalendario[[#This Row],[RdosQuitar]] -> 7 | J33: =+dCalendario[[#This Row],[Campo]]&"-"&dCalendario[[#This Row],[Barras]] -> Naturávila-Amarillas | L33: Clasif | M33: =+WEEKDAY(dCalendario[[#This Row],[Fecha]],2) -> 7 | R33: Liga | S33: =+dCalendario[[#This Row],[Temporada]]&":"&dCalendario[[#This Row],[NºTorneo]] -> 2026:10
A34: 46348 | B34: 2026 | C34: 11 | D34: El Encin | E34: Amarillas | F34: 3 | G34: David | H34: 3 | I34: =+dCalendario[[#This Row],[NºTorneo]]-dCalendario[[#This Row],[RdosQuitar]] -> 8 | J34: =+dCalendario[[#This Row],[Campo]]&"-"&dCalendario[[#This Row],[Barras]] -> El Encin-Amarillas | L34: Clasif | M34: =+WEEKDAY(dCalendario[[#This Row],[Fecha]],2) -> 7 | R34: Liga | S34: =+dCalendario[[#This Row],[Temporada]]&":"&dCalendario[[#This Row],[NºTorneo]] -> 2026:11
A35: 46375 | B35: 2026 | C35: 12 | D35: Santander | E35: Amarillas | F35: 1 | G35: David | H35: 4 | I35: =+dCalendario[[#This Row],[NºTorneo]]-dCalendario[[#This Row],[RdosQuitar]] -> 8 | J35: =+dCalendario[[#This Row],[Campo]]&"-"&dCalendario[[#This Row],[Barras]] -> Santander-Amarillas | L35: Clasif | M35: =+WEEKDAY(dCalendario[[#This Row],[Fecha]],2) -> 6 | R35: Liga | S35: =+dCalendario[[#This Row],[Temporada]]&":"&dCalendario[[#This Row],[NºTorneo]] -> 2026:12

Sheet Puntos Equipos
A1: Temporada | B1: Pos | C1: Puntos | F1: Temporada | G1: Jugador Nº | H1: Puntos
A2: 2024 | B2: 1 | C2: 500 | F2: 2025 | G2: 1 | H2: 10
A3: 2024 | B3: 2 | C3: 400 | F3: 2025 | G3: 2 | H3: 20
A4: 2024 | B4: 3 | C4: 300 | F4: 2025 | G4: 3 | H4: 30
A5: 2024 | B5: 4 | C5: 200 | F5: 2025 | G5: 4 | H5: 40
A6: 2024 | B6: 5 | C6: =+C5-25 -> 175 | F6: 2026 | G6: 1 | H6: 10
A7: 2024 | B7: 6 | C7: =+C6-25 -> 150 | F7: 2026 | G7: 2 | H7: 20
A8: 2024 | B8: 7 | C8: =+C7-25 -> 125 | F8: 2026 | G8: 3 | H8: 30
A9: 2024 | B9: 8 | C9: =+C8-25 -> 100 | F9: 2026 | G9: 4 | H9: 40
A10: 2024 | B10: 9 | C10: =+C9-25 -> 75 | F10: 2026 | G10: 5 | H10: 50
A11: 2025 | B11: 1 | C11: 500
A12: 2025 | B12: 2 | C12: 400
A13: 2025 | B13: 3 | C13: 300
A14: 2025 | B14: 4 | C14: 200
A15: 2025 | B15: 5 | C15: =+C14-25 -> 175
A16: 2025 | B16: 6 | C16: =+C15-25 -> 150
A17: 2025 | B17: 7 | C17: =+C16-25 -> 125
A18: 2025 | B18: 8 | C18: =+C17-25 -> 100
A19: 2025 | B19: 9 | C19: =+C18-25 -> 75
A20: 2026 | B20: 1 | C20: 500
A21: 2026 | B21: 2 | C21: 400
A22: 2026 | B22: 3 | C22: 300
A23: 2026 | B23: 4 | C23: 200
A24: 2026 | B24: 5 | C24: =+C23-25 -> 175
A25: 2026 | B25: 6 | C25: =+C24-25 -> 150
A26: 2026 | B26: 7 | C26: =+C25-25 -> 125
A27: 2026 | B27: 8 | C27: =+C26-25 -> 100
A28: 2026 | B28: 9 | C28: =+C27-25 -> 75

Sheet dTipoCalculo
A1: Calculo | B1: IdCalculo
A2: Neto | B2: 1
A3: Bruto | B3: 2

Sheet Descalificados
A1: Temporada | B1: Nº Torneo | C1: Nombre | D1: Motivo

Sheet dHandicapActual
A1: Fecha | B1: Nombre | C1: HandicapActual | D1: Licencia | E1: HandicapAnterior | F1: Mote | G1: Nombre y Apellidos | H1: Fecha:Jugador
A2: 45697 | B2: Nacho Gonzalez | C2: 4.7 | D2: CME6076737 | E2: 4.7 | F2: Nacho | G2: Ignacio González Salvador | H2: 09/02/2025:Nacho Gonzalez
A3: 45699 | B3: Nacho Gonzalez | C3: 4.7 | D3: CME6076737 | E3: 4.7 | F3: Nacho | G3: Ignacio González Salvador | H3: 11/02/2025:Nacho Gonzalez
A4: 45697 | B4: Ignacio Cadarso | C4: 6.8 | D4: CME6501940 | E4: 6.8 | F4: Ignacio | G4: Ignacio Cadarso Amador | H4: 09/02/2025:Ignacio Cadarso
A5: 45699 | B5: Ignacio Cadarso | C5: 6.8 | D5: CME6501940 | E5: 6.8 | F5: Ignacio | G5: Ignacio Cadarso Amador | H5: 11/02/2025:Ignacio Cadarso
A6: 45697 | B6: Alfonso Hidalgo | C6: 12.3 | D6: CME6255829 | E6: 12.3 | F6: Alfonso | G6: Alfonso Hidalgo Lopez de Ayala | H6: 09/02/2025:Alfonso Hidalgo
A7: 45699 | B7: Alfonso Hidalgo | C7: 12.3 | D7: CME6255829 | E7: 12.3 | F7: Alfonso | G7: Alfonso Hidalgo Lopez de Ayala | H7: 11/02/2025:Alfonso Hidalgo
A8: 45697 | B8: Francisco Alvarez | C8: 15.7 | D8: CME6389026 | E8: 15.5 | F8: Paco | G8: Francisco Alvarez Oliva | H8: 09/02/2025:Francisco Alvarez
A9: 45699 | B9: Francisco Alvarez | C9: 15.7 | D9: CME6389026 | E9: 15.5 | F9: Paco | G9: Francisco Alvarez Oliva | H9: 11/02/2025:Francisco Alvarez
A10: 45697 | B10: Alvaro Aguirre | C10: 6 | D10: CME6628917 | E10: 5.7 | F10: Gifu | G10: Alvaro Aguirre Rodriguez | H10: 09/02/2025:Alvaro Aguirre
A11: 45699 | B11: Alvaro Aguirre | C11: 6 | D11: CME6628917 | E11: 5.7 | F11: Gifu | G11: Alvaro Aguirre Rodriguez | H11: 11/02/2025:Alvaro Aguirre
A12: 45697 | B12: José Pablo Guil | C12: 7 | D12: CME6089043 | E12: 6.8 | F12: JP | G12: José Pablo Guil Salvador | H12: 09/02/2025:José Pablo Guil
A13: 45699 | B13: José Pablo Guil | C13: 7 | D13: CME6089043 | E13: 6.8 | F13: JP | G13: José Pablo Guil Salvador | H13: 11/02/2025:José Pablo Guil
... A662: 45979 | B662: Jaime de la Cal | C662: 9.8 | D662: CM00417892 | E662: 10.8 | F662: Jaime | G662: Jaime de la Cal | H662: 18/11/2025:Jaime de la Cal

Sheet Handicaps
A1: Fecha | B1: Nombre | C1: Handicap | D1: Cat | E1: Tipo | F1: __PowerAppsId__ | G1: Maximo | H1: CodUltHand | I1: UltHandMote | J1: Ranking | K1: Pos | L1: Orden | M1: Columna1 | N1: Columna2
A2: 43309 | B2: Alfonso Hidalgo | C2: 8.3 | D2: 2 | E2: Cuart | F2: 1d166cbc-8950-41ba-b862-b7c1e4a278c2 | G2: =+IF(dHdcp[[#This Row],[Fecha]]=MAX(dHdcp[Fecha]),1,0) -> 0 | H2: =+dHdcp[[#This Row],[Maximo]]&":"&dHdcp[[#This Row],[Nombre]] -> 0:Alfonso Hidalgo | I2: =+dHdcp[[#This Row],[Maximo]]&":"&_xlfn.XLOOKUP(dHdcp[[#This Row],[Nombre]],dJugador[Nombre],dJugador[Mote],"",0) -> 0:Alfonso | J2: =+IF(dHdcp[[#This Row],[Maximo]]=0,"",_xlfn.RANK.EQ(dHdcp[[#This Row],[Handicap]],dHdcp[Handicap],1)) | K2: =IFERROR(+_xlfn.RANK.EQ(dHdcp[[#This Row],[Ranking]],dHdcp[Ranking],1),"") | M2: =+dHdcp[[#This Row],[Fecha]]&":"&dHdcp[[#This Row],[Nombre]] -> 43309:Alfonso Hidalgo | N2: =+COUNTIF(dHdcp[Columna1],dHdcp[[#This Row],[Columna1]]) -> 1
A3: 43309 | B3: Alvaro Aguirre | C3: 5.4 | D3: 2 | E3: Cuart | F3: 79b71327-c489-4e4e-8aee-04ceed86c7f1 | G3: =+IF(dHdcp[[#This Row],[Fecha]]=MAX(dHdcp[Fecha]),1,0) -> 0 | H3: =+dHdcp[[#This Row],[Maximo]]&":"&dHdcp[[#This Row],[Nombre]] -> 0:Alvaro Aguirre | I3: =+dHdcp[[#This Row],[Maximo]]&":"&_xlfn.XLOOKUP(dHdcp[[#This Row],[Nombre]],dJugador[Nombre],dJugador[Mote],"",0) -> 0:Gifu | J3: =+IF(dHdcp[[#This Row],[Maximo]]=0,"",_xlfn.RANK.EQ(dHdcp[[#This Row],[Handicap]],dHdcp[Handicap],1)) | K3: =IFERROR(+_xlfn.RANK.EQ(dHdcp[[#This Row],[Ranking]],dHdcp[Ranking],1),"") | M3: =+dHdcp[[#This Row],[Fecha]]&":"&dHdcp[[#This Row],[Nombre]] -> 43309:Alvaro Aguirre | N3: =+COUNTIF(dHdcp[Columna1],dHdcp[[#This Row],[Columna1]]) -> 1
A4: 43309 | B4: Alvaro Nieto | C4: 15.3 | D4: 3 | E4: Cuart | F4: bff6c657-8cb3-42d5-a667-3afecb8b6018 | G4: =+IF(dHdcp[[#This Row],[Fecha]]=MAX(dHdcp[Fecha]),1,0) -> 0 | H4: =+dHdcp[[#This Row],[Maximo]]&":"&dHdcp[[#This Row],[Nombre]] -> 0:Alvaro Nieto | I4: =+dHdcp[[#This Row],[Maximo]]&":"&_xlfn.XLOOKUP(dHdcp[[#This Row],[Nombre]],dJugador[Nombre],dJugador[Mote],"",0) -> 0:Alvaro | J4: =+IF(dHdcp[[#This Row],[Maximo]]=0,"",_xlfn.RANK.EQ(dHdcp[[#This Row],[Handicap]],dHdcp[Handicap],1)) | K4: =IFERROR(+_xlfn.RANK.EQ(dHdcp[[#This Row],[Ranking]],dHdcp[Ranking],1),"") | M4: =+dHdcp[[#This Row],[Fecha]]&":"&dHdcp[[#This Row],[Nombre]] -> 43309:Alvaro Nieto | N4: =+COUNTIF(dHdcp[Columna1],dHdcp[[#This Row],[Columna1]]) -> 1
A5: 43309 | B5: Angel Hernandez | C5: 6.1 | D5: 2 | E5: Cuart | F5: f4da60f7-6556-4cec-b67f-127c58a42ed7 | G5: =+IF(dHdcp[[#This Row],[Fecha]]=MAX(dHdcp[Fecha]),1,0) -> 0 | H5: =+dHdcp[[#This Row],[Maximo]]&":"&dHdcp[[#This Row],[Nombre]] -> 0:Angel Hernandez | I5: =+dHdcp[[#This Row],[Maximo]]&":"&_xlfn.XLOOKUP(dHdcp[[#This Row],[Nombre]],dJugador[Nombre],dJugador[Mote],"",0) -> 0:Angel | J5: =+IF(dHdcp[[#This Row],[Maximo]]=0,"",_xlfn.RANK.EQ(dHdcp[[#This Row],[Handicap]],dHdcp[Handicap],1)) | K5: =IFERROR(+_xlfn.RANK.EQ(dHdcp[[#This Row],[Ranking]],dHdcp[Ranking],1),"") | M5: =+dHdcp[[#This Row],[Fecha]]&":"&dHdcp[[#This Row],[Nombre]] -> 43309:Angel Hernandez | N5: =+COUNTIF(dHdcp[Columna1],dHdcp[[#This Row],[Columna1]]) -> 1
A6: 43309 | B6: David Sequera | C6: 12.8 | D6: 3 | E6: Cuart | F6: 9cf0222d-4b91-46c6-9a68-0333d0effab0 | G6: =+IF(dHdcp[[#This Row],[Fecha]]=MAX(dHdcp[Fecha]),1,0) -> 0 | H6: =+dHdcp[[#This Row],[Maximo]]&":"&dHdcp[[#This Row],[Nombre]] -> 0:David Sequera | I6: =+dHdcp[[#This Row],[Maximo]]&":"&_xlfn.XLOOKUP(dHdcp[[#This Row],[Nombre]],dJugador[Nombre],dJugador[Mote],"",0) -> 0:David | J6: =+IF(dHdcp[[#This Row],[Maximo]]=0,"",_xlfn.RANK.EQ(dHdcp[[#This Row],[Handicap]],dHdcp[Handicap],1)) | K6: =IFERROR(+_xlfn.RANK.EQ(dHdcp[[#This Row],[Ranking]],dHdcp[Ranking],1),"") | M6: =+dHdcp[[#This Row],[Fecha]]&":"&dHdcp[[#This Row],[Nombre]] -> 43309:David Sequera | N6: =+COUNTIF(dHdcp[Columna1],dHdcp[[#This Row],[Columna1]]) -> 1
A7: 43309 | B7: Francisco Alvarez | C7: 17.2 | D7: 3 | E7: Cuart | F7: bd5a876f-4c32-47f2-95ca-3cf9616fc6f4 | G7: =+IF(dHdcp[[#This Row],[Fecha]]=MAX(dHdcp[Fecha]),1,0) -> 0 | H7: =+dHdcp[[#This Row],[Maximo]]&":"&dHdcp[[#This Row],[Nombre]] -> 0:Francisco Alvarez | I7: =+dHdcp[[#This Row],[Maximo]]&":"&_xlfn.XLOOKUP(dHdcp[[#This Row],[Nombre]],dJugador[Nombre],dJugador[Mote],"",0) -> 0:Paco | J7: =+IF(dHdcp[[#This Row],[Maximo]]=0,"",_xlfn.RANK.EQ(dHdcp[[#This Row],[Handicap]],dHdcp[Handicap],1)) | K7: =IFERROR(+_xlfn.RANK.EQ(dHdcp[[#This Row],[Ranking]],dHdcp[Ranking],1),"") | M7: =+dHdcp[[#This Row],[Fecha]]&":"&dHdcp[[#This Row],[Nombre]] -> 43309:Francisco Alvarez | N7: =+COUNTIF(dHdcp[Columna1],dHdcp[[#This Row],[Columna1]]) -> 1
A8: 43309 | B8: Francisco Hidalgo | C8: 13 | D8: 3 | E8: Cuart | F8: 0fd1f4e5-6f7c-475d-b69a-12eb09fbf780 | G8: =+IF(dHdcp[[#This Row],[Fecha]]=MAX(dHdcp[Fecha]),1,0) -> 0 | H8: =+dHdcp[[#This Row],[Maximo]]&":"&dHdcp[[#This Row],[Nombre]] -> 0:Francisco Hidalgo | I8: =+dHdcp[[#This Row],[Maximo]]&":"&_xlfn.XLOOKUP(dHdcp[[#This Row],[Nombre]],dJugador[Nombre],dJugador[Mote],"",0) -> 0:Fran | J8: =+IF(dHdcp[[#This Row],[Maximo]]=0,"",_xlfn.RANK.EQ(dHdcp[[#This Row],[Handicap]],dHdcp[Handicap],1)) | K8: =IFERROR(+_xlfn.RANK.EQ(dHdcp[[#This Row],[Ranking]],dHdcp[Ranking],1),"") | M8: =+dHdcp[[#This Row],[Fecha]]&":"&dHdcp[[#This Row],[Nombre]] -> 43309:Francisco Hidalgo | N8: =+COUNTIF(dHdcp[Columna1],dHdcp[[#This Row],[Columna1]]) -> 1
A9: 43309 | B9: GLEZ JUAN JOSÉ | C9: 16.6 | D9: 3 | E9: Cuart | F9: e587dc88-50d5-4ace-9960-9c5bb3fcb3a5 | G9: =+IF(dHdcp[[#This Row],[Fecha]]=MAX(dHdcp[Fecha]),1,0) -> 0 | H9: =+dHdcp[[#This Row],[Maximo]]&":"&dHdcp[[#This Row],[Nombre]] -> 0:GLEZ JUAN JOSÉ | I9: =+dHdcp[[#This Row],[Maximo]]&":"&_xlfn.XLOOKUP(dHdcp[[#This Row],[Nombre]],dJugador[Nombre],dJugador[Mote],"",0) -> 0:Juanjo | J9: =+IF(dHdcp[[#This Row],[Maximo]]=0,"",_xlfn.RANK.EQ(dHdcp[[#This Row],[Handicap]],dHdcp[Handicap],1)) | K9: =IFERROR(+_xlfn.RANK.EQ(dHdcp[[#This Row],[Ranking]],dHdcp[Ranking],1),"") | M9: =+dHdcp[[#This Row],[Fecha]]&":"&dHdcp[[#This Row],[Nombre]] -> 43309:GLEZ JUAN JOSÉ | N9: =+COUNTIF(dHdcp[Columna1],dHdcp[[#This Row],[Columna1]]) -> 1
A10: 43309 | B10: Ignacio Cadarso | C10: 7.3 | D10: 2 | E10: Cuart | F10: 2f34515d-633d-4eea-83c5-f98a6c893967 | G10: =+IF(dHdcp[[#This Row],[Fecha]]=MAX(dHdcp[Fecha]),1,0) -> 0 | H10: =+dHdcp[[#This Row],[Maximo]]&":"&dHdcp[[#This Row],[Nombre]] -> 0:Ignacio Cadarso | I10: =+dHdcp[[#This Row],[Maximo]]&":"&_xlfn.XLOOKUP(dHdcp[[#This Row],[Nombre]],dJugador[Nombre],dJugador[Mote],"",0) -> 0:Ignacio | J10: =+IF(dHdcp[[#This Row],[Maximo]]=0,"",_xlfn.RANK.EQ(dHdcp[[#This Row],[Handicap]],dHdcp[Handicap],1)) | K10: =IFERROR(+_xlfn.RANK.EQ(dHdcp[[#This Row],[Ranking]],dHdcp[Ranking],1),"") | M10: =+dHdcp[[#This Row],[Fecha]]&":"&dHdcp[[#This Row],[Nombre]] -> 43309:Ignacio Cadarso | N10: =+COUNTIF(dHdcp[Columna1],dHdcp[[#This Row],[Columna1]]) -> 1
A11: 43309 | B11: Iñigo Rosas | C11: 13.3 | D11: 3 | E11: Cuart | F11: 07c4d00c-33f1-4d99-bcbe-a5719fd91e28 | G11: =+IF(dHdcp[[#This Row],[Fecha]]=MAX(dHdcp[Fecha]),1,0) -> 0 | H11: =+dHdcp[[#This Row],[Maximo]]&":"&dHdcp[[#This Row],[Nombre]] -> 0:Iñigo Rosas | I11: =+dHdcp[[#This Row],[Maximo]]&":"&_xlfn.XLOOKUP(dHdcp[[#This Row],[Nombre]],dJugador[Nombre],dJugador[Mote],"",0) -> 0: | J11: =+IF(dHdcp[[#This Row],[Maximo]]=0,"",_xlfn.RANK.EQ(dHdcp[[#This Row],[Handicap]],dHdcp[Handicap],1)) | K11: =IFERROR(+_xlfn.RANK.EQ(dHdcp[[#This Row],[Ranking]],dHdcp[Ranking],1),"") | M11: =+dHdcp[[#This Row],[Fecha]]&":"&dHdcp[[#This Row],[Nombre]] -> 43309:Iñigo Rosas | N11: =+COUNTIF(dHdcp[Columna1],dHdcp[[#This Row],[Columna1]]) -> 1
A12: 43309 | B12: J. Enrique Gonzalez | C12: 19 | D12: 4 | E12: Cuart | F12: e609a2cd-d4d2-4130-b877-c56466bb8fc7 | G12: =+IF(dHdcp[[#This Row],[Fecha]]=MAX(dHdcp[Fecha]),1,0) -> 0 | H12: =+dHdcp[[#This Row],[Maximo]]&":"&dHdcp[[#This Row],[Nombre]] -> 0:J. Enrique Gonzalez | I12: =+dHdcp[[#This Row],[Maximo]]&":"&_xlfn.XLOOKUP(dHdcp[[#This Row],[Nombre]],dJugador[Nombre],dJugador[Mote],"",0) -> 0:Kike | J12: =+IF(dHdcp[[#This Row],[Maximo]]=0,"",_xlfn.RANK.EQ(dHdcp[[#This Row],[Handicap]],dHdcp[Handicap],1)) | K12: =IFERROR(+_xlfn.RANK.EQ(dHdcp[[#This Row],[Ranking]],dHdcp[Ranking],1),"") | M12: =+dHdcp[[#This Row],[Fecha]]&":"&dHdcp[[#This Row],[Nombre]] -> 43309:J. Enrique Gonzalez | N12: =+COUNTIF(dHdcp[Columna1],dHdcp[[#This Row],[Columna1]]) -> 1
A13: 43309 | B13: Javier Cervera | C13: 12.9 | D13: 3 | E13: Cuart | F13: cbbca621-b918-4ef7-a741-caeb430a3c03 | G13: =+IF(dHdcp[[#This Row],[Fecha]]=MAX(dHdcp[Fecha]),1,0) -> 0 | H13: =+dHdcp[[#This Row],[Maximo]]&":"&dHdcp[[#This Row],[Nombre]] -> 0:Javier Cervera | I13: =+dHdcp[[#This Row],[Maximo]]&":"&_xlfn.XLOOKUP(dHdcp[[#This Row],[Nombre]],dJugador[Nombre],dJugador[Mote],"",0) -> 0:Virus | J13: =+IF(dHdcp[[#This Row],[Maximo]]=0,"",_xlfn.RANK.EQ(dHdcp[[#This Row],[Handicap]],dHdcp[Handicap],1)) | K13: =IFERROR(+_xlfn.RANK.EQ(dHdcp[[#This Row],[Ranking]],dHdcp[Ranking],1),"") | M13: =+dHdcp[[#This Row],[Fecha]]&":"&dHdcp[[#This Row],[Nombre]] -> 43309:Javier Cervera | N13: =+COUNTIF(dHdcp[Columna1],dHdcp[[#This Row],[Columna1]]) -> 1
... A555: 43879 | B555: Pablo Munitiz | C555: 13.4 | D555: 3 | E555: Cuart | F555: f955fd0e-1158-4261-95c3-bcf5b62380dc | G555: =+IF(dHdcp[[#This Row],[Fecha]]=MAX(dHdcp[Fecha]),1,0) -> 0 | H555: =+dHdcp[[#This Row],[Maximo]]&":"&dHdcp[[#This Row],[Nombre]] -> 0:Pablo Munitiz | I555: =+dHdcp[[#This Row],[Maximo]]&":"&_xlfn.XLOOKUP(dHdcp[[#This Row],[Nombre]],dJugador[Nombre],dJugador[Mote],"",0) -> 0:Muni | J555: =+IF(dHdcp[[#This Row],[Maximo]]=0,"",_xlfn.RANK.EQ(dHdcp[[#This Row],[Handicap]],dHdcp[Handicap],1)) | K555: =IFERROR(+_xlfn.RANK.EQ(dHdcp[[#This Row],[Ranking]],dHdcp[Ranking],1),"") | M555: =+dHdcp[[#This Row],[Fecha]]&":"&dHdcp[[#This Row],[Nombre]] -> 43879:Pablo Munitiz | N555: =+COUNTIF(dHdcp[Columna1],dHdcp[[#This Row],[Columna1]]) -> 2
A556: 43992 | B556: Alfonso Hidalgo | C556: 9.3 | D556: =+VLOOKUP(dHdcp[[#This Row],[Handicap]],'Categoría Hdcap'!$B$2:$E$7,4) -> 2 | E556: Fed | F556: 86d8a859-5801-40a9-bd9f-f762b507d634 | G556: =+IF(dHdcp[[#This Row],[Fecha]]=MAX(dHdcp[Fecha]),1,0) -> 0 | H556: =+dHdcp[[#This Row],[Maximo]]&":"&dHdcp[[#This Row],[Nombre]] -> 0:Alfonso Hidalgo | I556: =+dHdcp[[#This Row],[Maximo]]&":"&_xlfn.XLOOKUP(dHdcp[[#This Row],[Nombre]],dJugador[Nombre],dJugador[Mote],"",0) -> 0:Alfonso | J556: =+IF(dHdcp[[#This Row],[Maximo]]=0,"",_xlfn.RANK.EQ(dHdcp[[#This Row],[Handicap]],dHdcp[Handicap],1)) | K556: =IFERROR(+_xlfn.RANK.EQ(dHdcp[[#This Row],[Ranking]],dHdcp[Ranking],1),"") | M556: =+dHdcp[[#This Row],[Fecha]]&":"&dHdcp[[#This Row],[Nombre]] -> 43992:Alfonso Hidalgo | N556: =+COUNTIF(dHdcp[Columna1],dHdcp[[#This Row],[Columna1]]) -> 2
A557: 43992 | B557: Alfonso Hidalgo | C557: 8 | D557: 2 | E557: Cuart | F557: 718ca4ff-75ed-4b98-91bf-e33297bbf254 | G557: =+IF(dHdcp[[#This Row],[Fecha]]=MAX(dHdcp[Fecha]),1,0) -> 0 | H557: =+dHdcp[[#This Row],[Maximo]]&":"&dHdcp[[#This Row],[Nombre]] -> 0:Alfonso Hidalgo | I557: =+dHdcp[[#This Row],[Maximo]]&":"&_xlfn.XLOOKUP(dHdcp[[#This Row],[Nombre]],dJugador[Nombre],dJugador[Mote],"",0) -> 0:Alfonso | J557: =+IF(dHdcp[[#This Row],[Maximo]]=0,"",_xlfn.RANK.EQ(dHdcp[[#This Row],[Handicap]],dHdcp[Handicap],1)) | K557: =IFERROR(+_xlfn.RANK.EQ(dHdcp[[#This Row],[Ranking]],dHdcp[Ranking],1),"") | M557: =+dHdcp[[#This Row],[Fecha]]&":"&dHdcp[[#This Row],[Nombre]] -> 43992:Alfonso Hidalgo | N557: =+COUNTIF(dHdcp[Columna1],dHdcp[[#This Row],[Columna1]]) -> 2
A558: 43992 | B558: Alvaro Aguirre | C558: 4.8 | D558: =+VLOOKUP(dHdcp[[#This Row],[Handicap]],'Categoría Hdcap'!$B$2:$E$7,4) -> 2 | E558: Fed | F558: 1d102209-1958-4b1b-8815-205fb806fb8a | G558: =+IF(dHdcp[[#This Row],[Fecha]]=MAX(dHdcp[Fecha]),1,0) -> 0 | H558: =+dHdcp[[#This Row],[Maximo]]&":"&dHdcp[[#This Row],[Nombre]] -> 0:Alvaro Aguirre | I558: =+dHdcp[[#This Row],[Maximo]]&":"&_xlfn.XLOOKUP(dHdcp[[#This Row],[Nombre]],dJugador[Nombre],dJugador[Mote],"",0) -> 0:Gifu | J558: =+IF(dHdcp[[#This Row],[Maximo]]=0,"",_xlfn.RANK.EQ(dHdcp[[#This Row],[Handicap]],dHdcp[Handicap],1)) | K558: =IFERROR(+_xlfn.RANK.EQ(dHdcp[[#This Row],[Ranking]],dHdcp[Ranking],1),"") | M558: =+dHdcp[[#This Row],[Fecha]]&":"&dHdcp[[#This Row],[Nombre]] -> 43992:Alvaro Aguirre | N558: =+COUNTIF(dHdcp[Columna1],dHdcp[[#This Row],[Columna1]]) -> 2
A559: 43992 | B559: Alvaro Aguirre | C559: 4.8 | D559: 2 | E559: Cuart | F559: 22254c03-5478-4eba-b402-d0b060320d58 | G559: =+IF(dHdcp[[#This Row],[Fecha]]=MAX(dHdcp[Fecha]),1,0) -> 0 | H559: =+dHdcp[[#This Row],[Maximo]]&":"&dHdcp[[#This Row],[Nombre]] -> 0:Alvaro Aguirre | I559: =+dHdcp[[#This Row],[Maximo]]&":"&_xlfn.XLOOKUP(dHdcp[[#This Row],[Nombre]],dJugador[Nombre],dJugador[Mote],"",0) -> 0:Gifu | J559: =+IF(dHdcp[[#This Row],[Maximo]]=0,"",_xlfn.RANK.EQ(dHdcp[[#This Row],[Handicap]],dHdcp[Handicap],1)) | K559: =IFERROR(+_xlfn.RANK.EQ(dHdcp[[#This Row],[Ranking]],dHdcp[Ranking],1),"") | M559: =+dHdcp[[#This Row],[Fecha]]&":"&dHdcp[[#This Row],[Nombre]] -> 43992:Alvaro Aguirre | N559: =+COUNTIF(dHdcp[Columna1],dHdcp[[#This Row],[Columna1]]) -> 2
A560: 43992 | B560: Alvaro Nieto | C560: 14.1 | D560: =+VLOOKUP(dHdcp[[#This Row],[Handicap]],'Categoría Hdcap'!$B$2:$E$7,4) -> 3 | E560: Fed | F560: 7fae8c8d-0917-44d0-bd0a-fa777cdbbd92 | G560: =+IF(dHdcp[[#This Row],[Fecha]]=MAX(dHdcp[Fecha]),1,0) -> 0 | H560: =+dHdcp[[#This Row],[Maximo]]&":"&dHdcp[[#This Row],[Nombre]] -> 0:Alvaro Nieto | I560: =+dHdcp[[#This Row],[Maximo]]&":"&_xlfn.XLOOKUP(dHdcp[[#This Row],[Nombre]],dJugador[Nombre],dJugador[Mote],"",0) -> 0:Alvaro | J560: =+IF(dHdcp[[#This Row],[Maximo]]=0,"",_xlfn.RANK.EQ(dHdcp[[#This Row],[Handicap]],dHdcp[Handicap],1)) | K560: =IFERROR(+_xlfn.RANK.EQ(dHdcp[[#This Row],[Ranking]],dHdcp[Ranking],1),"") | M560: =+dHdcp[[#This Row],[Fecha]]&":"&dHdcp[[#This Row],[Nombre]] -> 43992:Alvaro Nieto | N560: =+COUNTIF(dHdcp[Columna1],dHdcp[[#This Row],[Columna1]]) -> 2
A561: 43992 | B561: Alvaro Nieto | C561: 13.2 | D561: 3 | E561: Cuart | F561: d1bc72ab-1057-4283-b2ca-f9e0d801a655 | G561: =+IF(dHdcp[[#This Row],[Fecha]]=MAX(dHdcp[Fecha]),1,0) -> 0 | H561: =+dHdcp[[#This Row],[Maximo]]&":"&dHdcp[[#This Row],[Nombre]] -> 0:Alvaro Nieto | I561: =+dHdcp[[#This Row],[Maximo]]&":"&_xlfn.XLOOKUP(dHdcp[[#This Row],[Nombre]],dJugador[Nombre],dJugador[Mote],"",0) -> 0:Alvaro | J561: =+IF(dHdcp[[#This Row],[Maximo]]=0,"",_xlfn.RANK.EQ(dHdcp[[#This Row],[Handicap]],dHdcp[Handicap],1)) | K561: =IFERROR(+_xlfn.RANK.EQ(dHdcp[[#This Row],[Ranking]],dHdcp[Ranking],1),"") | M561: =+dHdcp[[#This Row],[Fecha]]&":"&dHdcp[[#This Row],[Nombre]] -> 43992:Alvaro Nieto | N561: =+COUNTIF(dHdcp[Columna1],dHdcp[[#This Row],[Columna1]]) -> 2
A562: 43992 | B562: Angel Hernandez | C562: 8.3 | D562: =+VLOOKUP(dHdcp[[#This Row],[Handicap]],'Categoría Hdcap'!$B$2:$E$7,4) -> 2 | E562: Fed | F562: d2967550-b78b-40c3-9832-16e4c2c38769 | G562: =+IF(dHdcp[[#This Row],[Fecha]]=MAX(dHdcp[Fecha]),1,0) -> 0 | H562: =+dHdcp[[#This Row],[Maximo]]&":"&dHdcp[[#This Row],[Nombre]] -> 0:Angel Hernandez | I562: =+dHdcp[[#This Row],[Maximo]]&":"&_xlfn.XLOOKUP(dHdcp[[#This Row],[Nombre]],dJugador[Nombre],dJugador[Mote],"",0) -> 0:Angel | J562: =+IF(dHdcp[[#This Row],[Maximo]]=0,"",_xlfn.RANK.EQ(dHdcp[[#This Row],[Handicap]],dHdcp[Handicap],1)) | K562: =IFERROR(+_xlfn.RANK.EQ(dHdcp[[#This Row],[Ranking]],dHdcp[Ranking],1),"") | M562: =+dHdcp[[#This Row],[Fecha]]&":"&dHdcp[[#This Row],[Nombre]] -> 43992:Angel Hernandez | N562: =+COUNTIF(dHdcp[Columna1],dHdcp[[#This Row],[Columna1]]) -> 2
A563: 43992 | B563: Angel Hernandez | C563: 6.5 | D563: 2 | E563: Cuart | F563: 44a64815-9a06-430a-860c-01bed812247f | G563: =+IF(dHdcp[[#This Row],[Fecha]]=MAX(dHdcp[Fecha]),1,0) -> 0 | H563: =+dHdcp[[#This Row],[Maximo]]&":"&dHdcp[[#This Row],[Nombre]] -> 0:Angel Hernandez | I563: =+dHdcp[[#This Row],[Maximo]]&":"&_xlfn.XLOOKUP(dHdcp[[#This Row],[Nombre]],dJugador[Nombre],dJugador[Mote],"",0) -> 0:Angel | J563: =+IF(dHdcp[[#This Row],[Maximo]]=0,"",_xlfn.RANK.EQ(dHdcp[[#This Row],[Handicap]],dHdcp[Handicap],1)) | K563: =IFERROR(+_xlfn.RANK.EQ(dHdcp[[#This Row],[Ranking]],dHdcp[Ranking],1),"") | M563: =+dHdcp[[#This Row],[Fecha]]&":"&dHdcp[[#This Row],[Nombre]] -> 43992:Angel Hernandez | N563: =+COUNTIF(dHdcp[Columna1],dHdcp[[#This Row],[Columna1]]) -> 2
A564: 43992 | B564: David Sequera | C564: 11 | D564: =+VLOOKUP(dHdcp[[#This Row],[Handicap]],'Categoría Hdcap'!$B$2:$E$7,4) -> 2 | E564: Fed | F564: 50fa04ad-ad99-45a1-9aa9-b55a48deb6fa | G564: =+IF(dHdcp[[#This Row],[Fecha]]=MAX(dHdcp[Fecha]),1,0) -> 0 | H564: =+dHdcp[[#This Row],[Maximo]]&":"&dHdcp[[#This Row],[Nombre]] -> 0:David Sequera | I564: =+dHdcp[[#This Row],[Maximo]]&":"&_xlfn.XLOOKUP(dHdcp[[#This Row],[Nombre]],dJugador[Nombre],dJugador[Mote],"",0) -> 0:David | J564: =+IF(dHdcp[[#This Row],[Maximo]]=0,"",_xlfn.RANK.EQ(dHdcp[[#This Row],[Handicap]],dHdcp[Handicap],1)) | K564: =IFERROR(+_xlfn.RANK.EQ(dHdcp[[#This Row],[Ranking]],dHdcp[Ranking],1),"") | M564: =+dHdcp[[#This Row],[Fecha]]&":"&dHdcp[[#This Row],[Nombre]] -> 43992:David Sequera | N564: =+COUNTIF(dHdcp[Columna1],dHdcp[[#This Row],[Columna1]]) -> 2
A565: 43992 | B565: David Sequera | C565: 10.5 | D565: 2 | E565: Cuart | F565: d91de15e-bcab-47dd-aad0-0ef2ca8c7fb9 | G565: =+IF(dHdcp[[#This Row],[Fecha]]=MAX(dHdcp[Fecha]),1,0) -> 0 | H565: =+dHdcp[[#This Row],[Maximo]]&":"&dHdcp[[#This Row],[Nombre]] -> 0:David Sequera | I565: =+dHdcp[[#This Row],[Maximo]]&":"&_xlfn.XLOOKUP(dHdcp[[#This Row],[Nombre]],dJugador[Nombre],dJugador[Mote],"",0) -> 0:David | J565: =+IF(dHdcp[[#This Row],[Maximo]]=0,"",_xlfn.RANK.EQ(dHdcp[[#This Row],[Handicap]],dHdcp[Handicap],1)) | K565: =IFERROR(+_xlfn.RANK.EQ(dHdcp[[#This Row],[Ranking]],dHdcp[Ranking],1),"") | M565: =+dHdcp[[#This Row],[Fecha]]&":"&dHdcp[[#This Row],[Nombre]] -> 43992:David Sequera | N565: =+COUNTIF(dHdcp[Columna1],dHdcp[[#This Row],[Columna1]]) -> 2
A566: 43992 | B566: Francisco Alvarez | C566: 16.2 | D566: =+VLOOKUP(dHdcp[[#This Row],[Handicap]],'Categoría Hdcap'!$B$2:$E$7,4) -> 3 | E566: Fed | F566: 15b60c81-4a84-4a72-be2a-57daeeffbf96 | G566: =+IF(dHdcp[[#This Row],[Fecha]]=MAX(dHdcp[Fecha]),1,0) -> 0 | H566: =+dHdcp[[#This Row],[Maximo]]&":"&dHdcp[[#This Row],[Nombre]] -> 0:Francisco Alvarez | I566: =+dHdcp[[#This Row],[Maximo]]&":"&_xlfn.XLOOKUP(dHdcp[[#This Row],[Nombre]],dJugador[Nombre],dJugador[Mote],"",0) -> 0:Paco | J566: =+IF(dHdcp[[#This Row],[Maximo]]=0,"",_xlfn.RANK.EQ(dHdcp[[#This Row],[Handicap]],dHdcp[Handicap],1)) | K566: =IFERROR(+_xlfn.RANK.EQ(dHdcp[[#This Row],[Ranking]],dHdcp[Ranking],1),"") | M566: =+dHdcp[[#This Row],[Fecha]]&":"&dHdcp[[#This Row],[Nombre]] -> 43992:Francisco Alvarez | N566: =+COUNTIF(dHdcp[Columna1],dHdcp[[#This Row],[Columna1]]) -> 2
A567: 43992 | B567: Francisco Alvarez | C567: 14 | D567: 3 | E567: Cuart | F567: 8c5e269f-14f6-459b-a8e2-cbab16737888 | G567: =+IF(dHdcp[[#This Row],[Fecha]]=MAX(dHdcp[Fecha]),1,0) -> 0 | H567: =+dHdcp[[#This Row],[Maximo]]&":"&dHdcp[[#This Row],[Nombre]] -> 0:Francisco Alvarez | I567: =+dHdcp[[#This Row],[Maximo]]&":"&_xlfn.XLOOKUP(dHdcp[[#This Row],[Nombre]],dJugador[Nombre],dJugador[Mote],"",0) -> 0:Paco | J567: =+IF(dHdcp[[#This Row],[Maximo]]=0,"",_xlfn.RANK.EQ(dHdcp[[#This Row],[Handicap]],dHdcp[Handicap],1)) | K567: =IFERROR(+_xlfn.RANK.EQ(dHdcp[[#This Row],[Ranking]],dHdcp[Ranking],1),"") | M567: =+dHdcp[[#This Row],[Fecha]]&":"&dHdcp[[#This Row],[Nombre]] -> 43992:Francisco Alvarez | N567: =+COUNTIF(dHdcp[Columna1],dHdcp[[#This Row],[Columna1]]) -> 2
A568: 43992 | B568: Francisco Hidalgo | C568: 15.3 | D568: =+VLOOKUP(dHdcp[[#This Row],[Handicap]],'Categoría Hdcap'!$B$2:$E$7,4) -> 3 | E568: Fed | F568: db289010-3877-4027-9584-5076fc9a38db | G568: =+IF(dHdcp[[#This Row],[Fecha]]=MAX(dHdcp[Fecha]),1,0) -> 0 | H568: =+dHdcp[[#This Row],[Maximo]]&":"&dHdcp[[#This Row],[Nombre]] -> 0:Francisco Hidalgo | I568: =+dHdcp[[#This Row],[Maximo]]&":"&_xlfn.XLOOKUP(dHdcp[[#This Row],[Nombre]],dJugador[Nombre],dJugador[Mote],"",0) -> 0:Fran | J568: =+IF(dHdcp[[#This Row],[Maximo]]=0,"",_xlfn.RANK.EQ(dHdcp[[#This Row],[Handicap]],dHdcp[Handicap],1)) | K568: =IFERROR(+_xlfn.RANK.EQ(dHdcp[[#This Row],[Ranking]],dHdcp[Ranking],1),"") | M568: =+dHdcp[[#This Row],[Fecha]]&":"&dHdcp[[#This Row],[Nombre]] -> 43992:Francisco Hidalgo | N568: =+COUNTIF(dHdcp[Columna1],dHdcp[[#This Row],[Columna1]]) -> 2
A569: 43992 | B569: Francisco Hidalgo | C569: 13.6 | D569: 3 | E569: Cuart | F569: 2778a1fa-006b-4aa8-afc2-7da35eee7fb5 | G569: =+IF(dHdcp[[#This Row],[Fecha]]=MAX(dHdcp[Fecha]),1,0) -> 0 | H569: =+dHdcp[[#This Row],[Maximo]]&":"&dHdcp[[#This Row],[Nombre]] -> 0:Francisco Hidalgo | I569: =+dHdcp[[#This Row],[Maximo]]&":"&_xlfn.XLOOKUP(dHdcp[[#This Row],[Nombre]],dJugador[Nombre],dJugador[Mote],"",0) -> 0:Fran | J569: =+IF(dHdcp[[#This Row],[Maximo]]=0,"",_xlfn.RANK.EQ(dHdcp[[#This Row],[Handicap]],dHdcp[Handicap],1)) | K569: =IFERROR(+_xlfn.RANK.EQ(dHdcp[[#This Row],[Ranking]],dHdcp[Ranking],1),"") | M569: =+dHdcp[[#This Row],[Fecha]]&":"&dHdcp[[#This Row],[Nombre]] -> 43992:Francisco Hidalgo | N569: =+COUNTIF(dHdcp[Columna1],dHdcp[[#This Row],[Columna1]]) -> 2
A570: 43992 | B570: GLEZ JUAN JOSÉ | C570: 18.2 | D570: =+VLOOKUP(dHdcp[[#This Row],[Handicap]],'Categoría Hdcap'!$B$2:$E$7,4) -> 3 | E570: Fed | F570: e6ed5722-fa50-4ebb-8eb8-0cfadd77ae96 | G570: =+IF(dHdcp[[#This Row],[Fecha]]=MAX(dHdcp[Fecha]),1,0) -> 0 | H570: =+dHdcp[[#This Row],[Maximo]]&":"&dHdcp[[#This Row],[Nombre]] -> 0:GLEZ JUAN JOSÉ | I570: =+dHdcp[[#This Row],[Maximo]]&":"&_xlfn.XLOOKUP(dHdcp[[#This Row],[Nombre]],dJugador[Nombre],dJugador[Mote],"",0) -> 0:Juanjo | J570: =+IF(dHdcp[[#This Row],[Maximo]]=0,"",_xlfn.RANK.EQ(dHdcp[[#This Row],[Handicap]],dHdcp[Handicap],1)) | K570: =IFERROR(+_xlfn.RANK.EQ(dHdcp[[#This Row],[Ranking]],dHdcp[Ranking],1),"") | M570: =+dHdcp[[#This Row],[Fecha]]&":"&dHdcp[[#This Row],[Nombre]] -> 43992:GLEZ JUAN JOSÉ | N570: =+COUNTIF(dHdcp[Columna1],dHdcp[[#This Row],[Columna1]]) -> 2
A571: 43992 | B571: GLEZ JUAN JOSÉ | C571: 17.4 | D571: 3 | E571: Cuart | F571: 24efd80d-5fbe-4613-8380-ec0316eed709 | G571: =+IF(dHdcp[[#This Row],[Fecha]]=MAX(dHdcp[Fecha]),1,0) -> 0 | H571: =+dHdcp[[#This Row],[Maximo]]&":"&dHdcp[[#This Row],[Nombre]] -> 0:GLEZ JUAN JOSÉ | I571: =+dHdcp[[#This Row],[Maximo]]&":"&_xlfn.XLOOKUP(dHdcp[[#This Row],[Nombre]],dJugador[Nombre],dJugador[Mote],"",0) -> 0:Juanjo | J571: =+IF(dHdcp[[#This Row],[Maximo]]=0,"",_xlfn.RANK.EQ(dHdcp[[#This Row],[Handicap]],dHdcp[Handicap],1)) | K571: =IFERROR(+_xlfn.RANK.EQ(dHdcp[[#This Row],[Ranking]],dHdcp[Ranking],1),"") | M571: =+dHdcp[[#This Row],[Fecha]]&":"&dHdcp[[#This Row],[Nombre]] -> 43992:GLEZ JUAN JOSÉ | N571: =+COUNTIF(dHdcp[Columna1],dHdcp[[#This Row],[Columna1]]) -> 2
A572: 43992 | B572: Ignacio Cadarso | C572: 6.1 | D572: =+VLOOKUP(dHdcp[[#This Row],[Handicap]],'Categoría Hdcap'!$B$2:$E$7,4) -> 2 | E572: Fed | F572: 4a4d86ee-eecc-4d90-81d9-d838a6640c85 | G572: =+IF(dHdcp[[#This Row],[Fecha]]=MAX(dHdcp[Fecha]),1,0) -> 0 | H572: =+dHdcp[[#This Row],[Maximo]]&":"&dHdcp[[#This Row],[Nombre]] -> 0:Ignacio Cadarso | I572: =+dHdcp[[#This Row],[Maximo]]&":"&_xlfn.XLOOKUP(dHdcp[[#This Row],[Nombre]],dJugador[Nombre],dJugador[Mote],"",0) -> 0:Ignacio | J572: =+IF(dHdcp[[#This Row],[Maximo]]=0,"",_xlfn.RANK.EQ(dHdcp[[#This Row],[Handicap]],dHdcp[Handicap],1)) | K572: =IFERROR(+_xlfn.RANK.EQ(dHdcp[[#This Row],[Ranking]],dHdcp[Ranking],1),"") | M572: =+dHdcp[[#This Row],[Fecha]]&":"&dHdcp[[#This Row],[Nombre]] -> 43992:Ignacio Cadarso | N572: =+COUNTIF(dHdcp[Columna1],dHdcp[[#This Row],[Columna1]]) -> 2
A573: 43992 | B573: Ignacio Cadarso | C573: 4.9 | D573: 2 | E573: Cuart | F573: 6328a1fb-e07a-4de3-be67-d9eb7e7fbd9b | G573: =+IF(dHdcp[[#This Row],[Fecha]]=MAX(dHdcp[Fecha]),1,0) -> 0 | H573: =+dHdcp[[#This Row],[Maximo]]&":"&dHdcp[[#This Row],[Nombre]] -> 0:Ignacio Cadarso | I573: =+dHdcp[[#This Row],[Maximo]]&":"&_xlfn.XLOOKUP(dHdcp[[#This Row],[Nombre]],dJugador[Nombre],dJugador[Mote],"",0) -> 0:Ignacio | J573: =+IF(dHdcp[[#This Row],[Maximo]]=0,"",_xlfn.RANK.EQ(dHdcp[[#This Row],[Handicap]],dHdcp[Handicap],1)) | K573: =IFERROR(+_xlfn.RANK.EQ(dHdcp[[#This Row],[Ranking]],dHdcp[Ranking],1),"") | M573: =+dHdcp[[#This Row],[Fecha]]&":"&dHdcp[[#This Row],[Nombre]] -> 43992:Ignacio Cadarso | N573: =+COUNTIF(dHdcp[Columna1],dHdcp[[#This Row],[Columna1]]) -> 2
A574: 43992 | B574: J. Enrique Gonzalez | C574: 20.1 | D574: =+VLOOKUP(dHdcp[[#This Row],[Handicap]],'Categoría Hdcap'!$B$2:$E$7,4) -> 4 | E574: Fed | F574: ad84fb0e-894b-4e1b-8fdd-a3be1e898e2b | G574: =+IF(dHdcp[[#This Row],[Fecha]]=MAX(dHdcp[Fecha]),1,0) -> 0 | H574: =+dHdcp[[#This Row],[Maximo]]&":"&dHdcp[[#This Row],[Nombre]] -> 0:J. Enrique Gonzalez | I574: =+dHdcp[[#This Row],[Maximo]]&":"&_xlfn.XLOOKUP(dHdcp[[#This Row],[Nombre]],dJugador[Nombre],dJugador[Mote],"",0) -> 0:Kike | J574: =+IF(dHdcp[[#This Row],[Maximo]]=0,"",_xlfn.RANK.EQ(dHdcp[[#This Row],[Handicap]],dHdcp[Handicap],1)) | K574: =IFERROR(+_xlfn.RANK.EQ(dHdcp[[#This Row],[Ranking]],dHdcp[Ranking],1),"") | M574: =+dHdcp[[#This Row],[Fecha]]&":"&dHdcp[[#This Row],[Nombre]] -> 43992:J. Enrique Gonzalez | N574: =+COUNTIF(dHdcp[Columna1],dHdcp[[#This Row],[Columna1]]) -> 2
A575: 43992 | B575: J. Enrique Gonzalez | C575: 17.9 | D575: 3 | E575: Cuart | F575: fc1fca13-38a1-4235-aae0-f343e9025f9b | G575: =+IF(dHdcp[[#This Row],[Fecha]]=MAX(dHdcp[Fecha]),1,0) -> 0 | H575: =+dHdcp[[#This Row],[Maximo]]&":"&dHdcp[[#This Row],[Nombre]] -> 0:J. Enrique Gonzalez | I575: =+dHdcp[[#This Row],[Maximo]]&":"&_xlfn.XLOOKUP(dHdcp[[#This Row],[Nombre]],dJugador[Nombre],dJugador[Mote],"",0) -> 0:Kike | J575: =+IF(dHdcp[[#This Row],[Maximo]]=0,"",_xlfn.RANK.EQ(dHdcp[[#This Row],[Handicap]],dHdcp[Handicap],1)) | K575: =IFERROR(+_xlfn.RANK.EQ(dHdcp[[#This Row],[Ranking]],dHdcp[Ranking],1),"") | M575: =+dHdcp[[#This Row],[Fecha]]&":"&dHdcp[[#This Row],[Nombre]] -> 43992:J. Enrique Gonzalez | N575: =+COUNTIF(dHdcp[Columna1],dHdcp[[#This Row],[Columna1]]) -> 2
A576: 43992 | B576: Javier Cervera | C576: 15.4 | D576: =+VLOOKUP(dHdcp[[#This Row],[Handicap]],'Categoría Hdcap'!$B$2:$E$7,4) -> 3 | E576: Fed | F576: e6d9b9b6-2422-4204-bd95-fa13743c48f5 | G576: =+IF(dHdcp[[#This Row],[Fecha]]=MAX(dHdcp[Fecha]),1,0) -> 0 | H576: =+dHdcp[[#This Row],[Maximo]]&":"&dHdcp[[#This Row],[Nombre]] -> 0:Javier Cervera | I576: =+dHdcp[[#This Row],[Maximo]]&":"&_xlfn.XLOOKUP(dHdcp[[#This Row],[Nombre]],dJugador[Nombre],dJugador[Mote],"",0) -> 0:Virus | J576: =+IF(dHdcp[[#This Row],[Maximo]]=0,"",_xlfn.RANK.EQ(dHdcp[[#This Row],[Handicap]],dHdcp[Handicap],1)) | K576: =IFERROR(+_xlfn.RANK.EQ(dHdcp[[#This Row],[Ranking]],dHdcp[Ranking],1),"") | M576: =+dHdcp[[#This Row],[Fecha]]&":"&dHdcp[[#This Row],[Nombre]] -> 43992:Javier Cervera | N576: =+COUNTIF(dHdcp[Columna1],dHdcp[[#This Row],[Columna1]]) -> 2
A577: 43992 | B577: Javier Cervera | C577: 13.8 | D577: 3 | E577: Cuart | F577: adc7da63-12bd-400e-a41d-299f275b0241 | G577: =+IF(dHdcp[[#This Row],[Fecha]]=MAX(dHdcp[Fecha]),1,0) -> 0 | H577: =+dHdcp[[#This Row],[Maximo]]&":"&dHdcp[[#This Row],[Nombre]] -> 0:Javier Cervera | I577: =+dHdcp[[#This Row],[Maximo]]&":"&_xlfn.XLOOKUP(dHdcp[[#This Row],[Nombre]],dJugador[Nombre],dJugador[Mote],"",0) -> 0:Virus | J577: =+IF(dHdcp[[#This Row],[Maximo]]=0,"",_xlfn.RANK.EQ(dHdcp[[#This Row],[Handicap]],dHdcp[Handicap],1)) | K577: =IFERROR(+_xlfn.RANK.EQ(dHdcp[[#This Row],[Ranking]],dHdcp[Ranking],1),"") | M577: =+dHdcp[[#This Row],[Fecha]]&":"&dHdcp[[#This Row],[Nombre]] -> 43992:Javier Cervera | N577: =+COUNTIF(dHdcp[Columna1],dHdcp[[#This Row],[Columna1]]) -> 2
A578: 43992 | B578: Javier Gonzalez Salvador | C578: 15.2 | D578: =+VLOOKUP(dHdcp[[#This Row],[Handicap]],'Categoría Hdcap'!$B$2:$E$7,4) -> 3 | E578: Fed | F578: 615a7f8d-61e6-497a-a665-3f08793477a1 | G578: =+IF(dHdcp[[#This Row],[Fecha]]=MAX(dHdcp[Fecha]),1,0) -> 0 | H578: =+dHdcp[[#This Row],[Maximo]]&":"&dHdcp[[#This Row],[Nombre]] -> 0:Javier Gonzalez Salvador | I578: =+dHdcp[[#This Row],[Maximo]]&":"&_xlfn.XLOOKUP(dHdcp[[#This Row],[Nombre]],dJugador[Nombre],dJugador[Mote],"",0) -> 0:Javi | J578: =+IF(dHdcp[[#This Row],[Maximo]]=0,"",_xlfn.RANK.EQ(dHdcp[[#This Row],[Handicap]],dHdcp[Handicap],1)) | K578: =IFERROR(+_xlfn.RANK.EQ(dHdcp[[#This Row],[Ranking]],dHdcp[Ranking],1),"") | M578: =+dHdcp[[#This Row],[Fecha]]&":"&dHdcp[[#This Row],[Nombre]] -> 43992:Javier Gonzalez Salvador | N578: =+COUNTIF(dHdcp[Columna1],dHdcp[[#This Row],[Columna1]]) -> 2
A579: 43992 | B579: Javier Gonzalez Salvador | C579: 10.9 | D579: 2 | E579: Cuart | F579: 09def411-86b1-4f52-8b14-a2fb904919b4 | G579: =+IF(dHdcp[[#This Row],[Fecha]]=MAX(dHdcp[Fecha]),1,0) -> 0 | H579: =+dHdcp[[#This Row],[Maximo]]&":"&dHdcp[[#This Row],[Nombre]] -> 0:Javier Gonzalez Salvador | I579: =+dHdcp[[#This Row],[Maximo]]&":"&_xlfn.XLOOKUP(dHdcp[[#This Row],[Nombre]],dJugador[Nombre],dJugador[Mote],"",0) -> 0:Javi | J579: =+IF(dHdcp[[#This Row],[Maximo]]=0,"",_xlfn.RANK.EQ(dHdcp[[#This Row],[Handicap]],dHdcp[Handicap],1)) | K579: =IFERROR(+_xlfn.RANK.EQ(dHdcp[[#This Row],[Ranking]],dHdcp[Ranking],1),"") | M579: =+dHdcp[[#This Row],[Fecha]]&":"&dHdcp[[#This Row],[Nombre]] -> 43992:Javier Gonzalez Salvador | N579: =+COUNTIF(dHdcp[Columna1],dHdcp[[#This Row],[Columna1]]) -> 2
A580: 43992 | B580: Jesus Touceda | C580: 22.6 | D580: =+VLOOKUP(dHdcp[[#This Row],[Handicap]],'Categoría Hdcap'!$B$2:$E$7,4) -> 4 | E580: Fed | F580: 8b0ca66b-55c1-4861-95ba-62cb38e43938 | G580: =+IF(dHdcp[[#This Row],[Fecha]]=MAX(dHdcp[Fecha]),1,0) -> 0 | H580: =+dHdcp[[#This Row],[Maximo]]&":"&dHdcp[[#This Row],[Nombre]] -> 0:Jesus Touceda | I580: =+dHdcp[[#This Row],[Maximo]]&":"&_xlfn.XLOOKUP(dHdcp[[#This Row],[Nombre]],dJugador[Nombre],dJugador[Mote],"",0) -> 0:Jesús | J580: =+IF(dHdcp[[#This Row],[Maximo]]=0,"",_xlfn.RANK.EQ(dHdcp[[#This Row],[Handicap]],dHdcp[Handicap],1)) | K580: =IFERROR(+_xlfn.RANK.EQ(dHdcp[[#This Row],[Ranking]],dHdcp[Ranking],1),"") | M580: =+dHdcp[[#This Row],[Fecha]]&":"&dHdcp[[#This Row],[Nombre]] -> 43992:Jesus Touceda | N580: =+COUNTIF(dHdcp[Columna1],dHdcp[[#This Row],[Columna1]]) -> 2
A581: 43992 | B581: Jesus Touceda | C581: 21.5 | D581: 4 | E581: Cuart | F581: 882b2548-ad87-475e-82b4-661533aa2680 | G581: =+IF(dHdcp[[#This Row],[Fecha]]=MAX(dHdcp[Fecha]),1,0) -> 0 | H581: =+dHdcp[[#This Row],[Maximo]]&":"&dHdcp[[#This Row],[Nombre]] -> 0:Jesus Touceda | I581: =+dHdcp[[#This Row],[Maximo]]&":"&_xlfn.XLOOKUP(dHdcp[[#This Row],[Nombre]],dJugador[Nombre],dJugador[Mote],"",0) -> 0:Jesús | J581: =+IF(dHdcp[[#This Row],[Maximo]]=0,"",_xlfn.RANK.EQ(dHdcp[[#This Row],[Handicap]],dHdcp[Handicap],1)) | K581: =IFERROR(+_xlfn.RANK.EQ(dHdcp[[#This Row],[Ranking]],dHdcp[Ranking],1),"") | M581: =+dHdcp[[#This Row],[Fecha]]&":"&dHdcp[[#This Row],[Nombre]] -> 43992:Jesus Touceda | N581: =+COUNTIF(dHdcp[Columna1],dHdcp[[#This Row],[Columna1]]) -> 2
A582: 43992 | B582: José Pablo Guil | C582: 6.9 | D582: =+VLOOKUP(dHdcp[[#This Row],[Handicap]],'Categoría Hdcap'!$B$2:$E$7,4) -> 2 | E582: Fed | F582: 621658ee-bbda-486c-b8dd-0565149c6807 | G582: =+IF(dHdcp[[#This Row],[Fecha]]=MAX(dHdcp[Fecha]),1,0) -> 0 | H582: =+dHdcp[[#This Row],[Maximo]]&":"&dHdcp[[#This Row],[Nombre]] -> 0:José Pablo Guil | I582: =+dHdcp[[#This Row],[Maximo]]&":"&_xlfn.XLOOKUP(dHdcp[[#This Row],[Nombre]],dJugador[Nombre],dJugador[Mote],"",0) -> 0:JP | J582: =+IF(dHdcp[[#This Row],[Maximo]]=0,"",_xlfn.RANK.EQ(dHdcp[[#This Row],[Handicap]],dHdcp[Handicap],1)) | K582: =IFERROR(+_xlfn.RANK.EQ(dHdcp[[#This Row],[Ranking]],dHdcp[Ranking],1),"") | M582: =+dHdcp[[#This Row],[Fecha]]&":"&dHdcp[[#This Row],[Nombre]] -> 43992:José Pablo Guil | N582: =+COUNTIF(dHdcp[Columna1],dHdcp[[#This Row],[Columna1]]) -> 2
A583: 43992 | B583: José Pablo Guil | C583: 5.7 | D583: 2 | E583: Cuart | F583: d54d751f-9f01-4012-837b-5ab803ea0c18 | G583: =+IF(dHdcp[[#This Row],[Fecha]]=MAX(dHdcp[Fecha]),1,0) -> 0 | H583: =+dHdcp[[#This Row],[Maximo]]&":"&dHdcp[[#This Row],[Nombre]] -> 0:José Pablo Guil | I583: =+dHdcp[[#This Row],[Maximo]]&":"&_xlfn.XLOOKUP(dHdcp[[#This Row],[Nombre]],dJugador[Nombre],dJugador[Mote],"",0) -> 0:JP | J583: =+IF(dHdcp[[#This Row],[Maximo]]=0,"",_xlfn.RANK.EQ(dHdcp[[#This Row],[Handicap]],dHdcp[Handicap],1)) | K583: =IFERROR(+_xlfn.RANK.EQ(dHdcp[[#This Row],[Ranking]],dHdcp[Ranking],1),"") | M583: =+dHdcp[[#This Row],[Fecha]]&":"&dHdcp[[#This Row],[Nombre]] -> 43992:José Pablo Guil | N583: =+COUNTIF(dHdcp[Columna1],dHdcp[[#This Row],[Columna1]]) -> 2
A584: 43992 | B584: Luis Escudero | C584: 18.3 | D584: =+VLOOKUP(dHdcp[[#This Row],[Handicap]],'Categoría Hdcap'!$B$2:$E$7,4) -> 3 | E584: Fed | F584: 66e249ff-ca25-45f3-a3cf-63cf6a05899a | G584: =+IF(dHdcp[[#This Row],[Fecha]]=MAX(dHdcp[Fecha]),1,0) -> 0 | H584: =+dHdcp[[#This Row],[Maximo]]&":"&dHdcp[[#This Row],[Nombre]] -> 0:Luis Escudero | I584: =+dHdcp[[#This Row],[Maximo]]&":"&_xlfn.XLOOKUP(dHdcp[[#This Row],[Nombre]],dJugador[Nombre],dJugador[Mote],"",0) -> 0:Lucho | J584: =+IF(dHdcp[[#This Row],[Maximo]]=0,"",_xlfn.RANK.EQ(dHdcp[[#This Row],[Handicap]],dHdcp[Handicap],1)) | K584: =IFERROR(+_xlfn.RANK.EQ(dHdcp[[#This Row],[Ranking]],dHdcp[Ranking],1),"") | M584: =+dHdcp[[#This Row],[Fecha]]&":"&dHdcp[[#This Row],[Nombre]] -> 43992:Luis Escudero | N584: =+COUNTIF(dHdcp[Columna1],dHdcp[[#This Row],[Columna1]]) -> 2
A585: 43992 | B585: Luis Escudero | C585: 17 | D585: 3 | E585: Cuart | F585: e1d9dd6e-19a2-45a0-b55a-395970985898 | G585: =+IF(dHdcp[[#This Row],[Fecha]]=MAX(dHdcp[Fecha]),1,0) -> 0 | H585: =+dHdcp[[#This Row],[Maximo]]&":"&dHdcp[[#This Row],[Nombre]] -> 0:Luis Escudero | I585: =+dHdcp[[#This Row],[Maximo]]&":"&_xlfn.XLOOKUP(dHdcp[[#This Row],[Nombre]],dJugador[Nombre],dJugador[Mote],"",0) -> 0:Lucho | J585: =+IF(dHdcp[[#This Row],[Maximo]]=0,"",_xlfn.RANK.EQ(dHdcp[[#This Row],[Handicap]],dHdcp[Handicap],1)) | K585: =IFERROR(+_xlfn.RANK.EQ(dHdcp[[#This Row],[Ranking]],dHdcp[Ranking],1),"") | M585: =+dHdcp[[#This Row],[Fecha]]&":"&dHdcp[[#This Row],[Nombre]] -> 43992:Luis Escudero | N585: =+COUNTIF(dHdcp[Columna1],dHdcp[[#This Row],[Columna1]]) -> 2
A586: 43992 | B586: Miguel Diaz Del Moral | C586: 0.1 | D586: =+VLOOKUP(dHdcp[[#This Row],[Handicap]],'Categoría Hdcap'!$B$2:$E$7,4) -> 1 | E586: Fed | F586: 0d169cb8-7b56-4f10-95c5-ce0247cdbaa1 | G586: =+IF(dHdcp[[#This Row],[Fecha]]=MAX(dHdcp[Fecha]),1,0) -> 0 | H586: =+dHdcp[[#This Row],[Maximo]]&":"&dHdcp[[#This Row],[Nombre]] -> 0:Miguel Diaz Del Moral | I586: =+dHdcp[[#This Row],[Maximo]]&":"&_xlfn.XLOOKUP(dHdcp[[#This Row],[Nombre]],dJugador[Nombre],dJugador[Mote],"",0) -> 0:Cañita | J586: =+IF(dHdcp[[#This Row],[Maximo]]=0,"",_xlfn.RANK.EQ(dHdcp[[#This Row],[Handicap]],dHdcp[Handicap],1)) | K586: =IFERROR(+_xlfn.RANK.EQ(dHdcp[[#This Row],[Ranking]],dHdcp[Ranking],1),"") | M586: =+dHdcp[[#This Row],[Fecha]]&":"&dHdcp[[#This Row],[Nombre]] -> 43992:Miguel Diaz Del Moral | N586: =+COUNTIF(dHdcp[Columna1],dHdcp[[#This Row],[Columna1]]) -> 1
A587: 43992 | B587: Nacho Gonzalez | C587: 6.4 | D587: =+VLOOKUP(dHdcp[[#This Row],[Handicap]],'Categoría Hdcap'!$B$2:$E$7,4) -> 2 | E587: Fed | F587: 8a987d9a-a073-458c-8a02-78da6797eaff | G587: =+IF(dHdcp[[#This Row],[Fecha]]=MAX(dHdcp[Fecha]),1,0) -> 0 | H587: =+dHdcp[[#This Row],[Maximo]]&":"&dHdcp[[#This Row],[Nombre]] -> 0:Nacho Gonzalez | I587: =+dHdcp[[#This Row],[Maximo]]&":"&_xlfn.XLOOKUP(dHdcp[[#This Row],[Nombre]],dJugador[Nombre],dJugador[Mote],"",0) -> 0:Nacho | J587: =+IF(dHdcp[[#This Row],[Maximo]]=0,"",_xlfn.RANK.EQ(dHdcp[[#This Row],[Handicap]],dHdcp[Handicap],1)) | K587: =IFERROR(+_xlfn.RANK.EQ(dHdcp[[#This Row],[Ranking]],dHdcp[Ranking],1),"") | M587: =+dHdcp[[#This Row],[Fecha]]&":"&dHdcp[[#This Row],[Nombre]] -> 43992:Nacho Gonzalez | N587: =+COUNTIF(dHdcp[Columna1],dHdcp[[#This Row],[Columna1]]) -> 2
A588: 43992 | B588: Nacho Gonzalez | C588: 4.4 | D588: 1 | E588: Cuart | F588: 74ec5fe7-66ad-4b89-8828-b08c3a32d202 | G588: =+IF(dHdcp[[#This Row],[Fecha]]=MAX(dHdcp[Fecha]),1,0) -> 0 | H588: =+dHdcp[[#This Row],[Maximo]]&":"&dHdcp[[#This Row],[Nombre]] -> 0:Nacho Gonzalez | I588: =+dHdcp[[#This Row],[Maximo]]&":"&_xlfn.XLOOKUP(dHdcp[[#This Row],[Nombre]],dJugador[Nombre],dJugador[Mote],"",0) -> 0:Nacho | J588: =+IF(dHdcp[[#This Row],[Maximo]]=0,"",_xlfn.RANK.EQ(dHdcp[[#This Row],[Handicap]],dHdcp[Handicap],1)) | K588: =IFERROR(+_xlfn.RANK.EQ(dHdcp[[#This Row],[Ranking]],dHdcp[Ranking],1),"") | M588: =+dHdcp[[#This Row],[Fecha]]&":"&dHdcp[[#This Row],[Nombre]] -> 43992:Nacho Gonzalez | N588: =+COUNTIF(dHdcp[Columna1],dHdcp[[#This Row],[Columna1]]) -> 2
A589: 43992 | B589: Pablo Munitiz | C589: 13.7 | D589: =+VLOOKUP(dHdcp[[#This Row],[Handicap]],'Categoría Hdcap'!$B$2:$E$7,4) -> 3 | E589: Fed | F589: 7bcc339d-bb85-451c-9b1a-989d001a301f | G589: =+IF(dHdcp[[#This Row],[Fecha]]=MAX(dHdcp[Fecha]),1,0) -> 0 | H589: =+dHdcp[[#This Row],[Maximo]]&":"&dHdcp[[#This Row],[Nombre]] -> 0:Pablo Munitiz | I589: =+dHdcp[[#This Row],[Maximo]]&":"&_xlfn.XLOOKUP(dHdcp[[#This Row],[Nombre]],dJugador[Nombre],dJugador[Mote],"",0) -> 0:Muni | J589: =+IF(dHdcp[[#This Row],[Maximo]]=0,"",_xlfn.RANK.EQ(dHdcp[[#This Row],[Handicap]],dHdcp[Handicap],1)) | K589: =IFERROR(+_xlfn.RANK.EQ(dHdcp[[#This Row],[Ranking]],dHdcp[Ranking],1),"") | M589: =+dHdcp[[#This Row],[Fecha]]&":"&dHdcp[[#This Row],[Nombre]] -> 43992:Pablo Munitiz | N589: =+COUNTIF(dHdcp[Columna1],dHdcp[[#This Row],[Columna1]]) -> 2
A590: 43992 | B590: Pablo Munitiz | C590: 13.4 | D590: 3 | E590: Cuart | F590: 85d48ad0-bd05-46e8-9ced-97a1918ab65c | G590: =+IF(dHdcp[[#This Row],[Fecha]]=MAX(dHdcp[Fecha]),1,0) -> 0 | H590: =+dHdcp[[#This Row],[Maximo]]&":"&dHdcp[[#This Row],[Nombre]] -> 0:Pablo Munitiz | I590: =+dHdcp[[#This Row],[Maximo]]&":"&_xlfn.XLOOKUP(dHdcp[[#This Row],[Nombre]],dJugador[Nombre],dJugador[Mote],"",0) -> 0:Muni | J590: =+IF(dHdcp[[#This Row],[Maximo]]=0,"",_xlfn.RANK.EQ(dHdcp[[#This Row],[Handicap]],dHdcp[Handicap],1)) | K590: =IFERROR(+_xlfn.RANK.EQ(dHdcp[[#This Row],[Ranking]],dHdcp[Ranking],1),"") | M590: =+dHdcp[[#This Row],[Fecha]]&":"&dHdcp[[#This Row],[Nombre]] -> 43992:Pablo Munitiz | N590: =+COUNTIF(dHdcp[Columna1],dHdcp[[#This Row],[Columna1]]) -> 2
A591: 44090 | B591: Alfonso Hidalgo | C591: 9.1 | D591: =+VLOOKUP(dHdcp[[#This Row],[Handicap]],'Categoría Hdcap'!$B$2:$E$7,4) -> 2 | E591: Fed | F591: 0b716776-876e-4225-9ca0-938576e44203 | G591: =+IF(dHdcp[[#This Row],[Fecha]]=MAX(dHdcp[Fecha]),1,0) -> 0 | H591: =+dHdcp[[#This Row],[Maximo]]&":"&dHdcp[[#This Row],[Nombre]] -> 0:Alfonso Hidalgo | I591: =+dHdcp[[#This Row],[Maximo]]&":"&_xlfn.XLOOKUP(dHdcp[[#This Row],[Nombre]],dJugador[Nombre],dJugador[Mote],"",0) -> 0:Alfonso | J591: =+IF(dHdcp[[#This Row],[Maximo]]=0,"",_xlfn.RANK.EQ(dHdcp[[#This Row],[Handicap]],dHdcp[Handicap],1)) | K591: =IFERROR(+_xlfn.RANK.EQ(dHdcp[[#This Row],[Ranking]],dHdcp[Ranking],1),"") | M591: =+dHdcp[[#This Row],[Fecha]]&":"&dHdcp[[#This Row],[Nombre]] -> 44090:Alfonso Hidalgo | N591: =+COUNTIF(dHdcp[Columna1],dHdcp[[#This Row],[Columna1]]) -> 2
A592: 44090 | B592: Alfonso Hidalgo | C592: 8.1 | D592: 2 | E592: Cuart | F592: 25367194-7bd9-4ede-bfd2-a7deea293cd2 | G592: =+IF(dHdcp[[#This Row],[Fecha]]=MAX(dHdcp[Fecha]),1,0) -> 0 | H592: =+dHdcp[[#This Row],[Maximo]]&":"&dHdcp[[#This Row],[Nombre]] -> 0:Alfonso Hidalgo | I592: =+dHdcp[[#This Row],[Maximo]]&":"&_xlfn.XLOOKUP(dHdcp[[#This Row],[Nombre]],dJugador[Nombre],dJugador[Mote],"",0) -> 0:Alfonso | J592: =+IF(dHdcp[[#This Row],[Maximo]]=0,"",_xlfn.RANK.EQ(dHdcp[[#This Row],[Handicap]],dHdcp[Handicap],1)) | K592: =IFERROR(+_xlfn.RANK.EQ(dHdcp[[#This Row],[Ranking]],dHdcp[Ranking],1),"") | M592: =+dHdcp[[#This Row],[Fecha]]&":"&dHdcp[[#This Row],[Nombre]] -> 44090:Alfonso Hidalgo | N592: =+COUNTIF(dHdcp[Columna1],dHdcp[[#This Row],[Columna1]]) -> 2
A593: 44090 | B593: Alvaro Aguirre | C593: 5.6 | D593: =+VLOOKUP(dHdcp[[#This Row],[Handicap]],'Categoría Hdcap'!$B$2:$E$7,4) -> 2 | E593: Fed | F593: c1c4ab8e-4ab3-493e-a863-37e9f29ab44e | G593: =+IF(dHdcp[[#This Row],[Fecha]]=MAX(dHdcp[Fecha]),1,0) -> 0 | H593: =+dHdcp[[#This Row],[Maximo]]&":"&dHdcp[[#This Row],[Nombre]] -> 0:Alvaro Aguirre | I593: =+dHdcp[[#This Row],[Maximo]]&":"&_xlfn.XLOOKUP(dHdcp[[#This Row],[Nombre]],dJugador[Nombre],dJugador[Mote],"",0) -> 0:Gifu | J593: =+IF(dHdcp[[#This Row],[Maximo]]=0,"",_xlfn.RANK.EQ(dHdcp[[#This Row],[Handicap]],dHdcp[Handicap],1)) | K593: =IFERROR(+_xlfn.RANK.EQ(dHdcp[[#This Row],[Ranking]],dHdcp[Ranking],1),"") | M593: =+dHdcp[[#This Row],[Fecha]]&":"&dHdcp[[#This Row],[Nombre]] -> 44090:Alvaro Aguirre | N593: =+COUNTIF(dHdcp[Columna1],dHdcp[[#This Row],[Columna1]]) -> 2
A594: 44090 | B594: Alvaro Aguirre | C594: 4.9 | D594: 2 | E594: Cuart | F594: 67bef22d-d54d-4752-a55e-6ce4eb1f1973 | G594: =+IF(dHdcp[[#This Row],[Fecha]]=MAX(dHdcp[Fecha]),1,0) -> 0 | H594: =+dHdcp[[#This Row],[Maximo]]&":"&dHdcp[[#This Row],[Nombre]] -> 0:Alvaro Aguirre | I594: =+dHdcp[[#This Row],[Maximo]]&":"&_xlfn.XLOOKUP(dHdcp[[#This Row],[Nombre]],dJugador[Nombre],dJugador[Mote],"",0) -> 0:Gifu | J594: =+IF(dHdcp[[#This Row],[Maximo]]=0,"",_xlfn.RANK.EQ(dHdcp[[#This Row],[Handicap]],dHdcp[Handicap],1)) | K594: =IFERROR(+_xlfn.RANK.EQ(dHdcp[[#This Row],[Ranking]],dHdcp[Ranking],1),"") | M594: =+dHdcp[[#This Row],[Fecha]]&":"&dHdcp[[#This Row],[Nombre]] -> 44090:Alvaro Aguirre | N594: =+COUNTIF(dHdcp[Columna1],dHdcp[[#This Row],[Columna1]]) -> 2
A595: 44090 | B595: Alvaro Nieto | C595: 14.1 | D595: =+VLOOKUP(dHdcp[[#This Row],[Handicap]],'Categoría Hdcap'!$B$2:$E$7,4) -> 3 | E595: Fed | F595: 73b90feb-1f70-4e9a-94a0-de23161ad2c5 | G595: =+IF(dHdcp[[#This Row],[Fecha]]=MAX(dHdcp[Fecha]),1,0) -> 0 | H595: =+dHdcp[[#This Row],[Maximo]]&":"&dHdcp[[#This Row],[Nombre]] -> 0:Alvaro Nieto | I595: =+dHdcp[[#This Row],[Maximo]]&":"&_xlfn.XLOOKUP(dHdcp[[#This Row],[Nombre]],dJugador[Nombre],dJugador[Mote],"",0) -> 0:Alvaro | J595: =+IF(dHdcp[[#This Row],[Maximo]]=0,"",_xlfn.RANK.EQ(dHdcp[[#This Row],[Handicap]],dHdcp[Handicap],1)) | K595: =IFERROR(+_xlfn.RANK.EQ(dHdcp[[#This Row],[Ranking]],dHdcp[Ranking],1),"") | M595: =+dHdcp[[#This Row],[Fecha]]&":"&dHdcp[[#This Row],[Nombre]] -> 44090:Alvaro Nieto | N595: =+COUNTIF(dHdcp[Columna1],dHdcp[[#This Row],[Columna1]]) -> 2
A596: 44090 | B596: Alvaro Nieto | C596: 13.3 | D596: 3 | E596: Cuart | F596: f83012ae-af12-454e-a3fb-f020e54018a3 | G596: =+IF(dHdcp[[#This Row],[Fecha]]=MAX(dHdcp[Fecha]),1,0) -> 0 | H596: =+dHdcp[[#This Row],[Maximo]]&":"&dHdcp[[#This Row],[Nombre]] -> 0:Alvaro Nieto | I596: =+dHdcp[[#This Row],[Maximo]]&":"&_xlfn.XLOOKUP(dHdcp[[#This Row],[Nombre]],dJugador[Nombre],dJugador[Mote],"",0) -> 0:Alvaro | J596: =+IF(dHdcp[[#This Row],[Maximo]]=0,"",_xlfn.RANK.EQ(dHdcp[[#This Row],[Handicap]],dHdcp[Handicap],1)) | K596: =IFERROR(+_xlfn.RANK.EQ(dHdcp[[#This Row],[Ranking]],dHdcp[Ranking],1),"") | M596: =+dHdcp[[#This Row],[Fecha]]&":"&dHdcp[[#This Row],[Nombre]] -> 44090:Alvaro Nieto | N596: =+COUNTIF(dHdcp[Columna1],dHdcp[[#This Row],[Columna1]]) -> 2
A597: 44090 | B597: Angel Hernandez | C597: 7.4 | D597: =+VLOOKUP(dHdcp[[#This Row],[Handicap]],'Categoría Hdcap'!$B$2:$E$7,4) -> 2 | E597: Fed | F597: f3d7b465-f4ea-4f5b-81a2-b3091f586550 | G597: =+IF(dHdcp[[#This Row],[Fecha]]=MAX(dHdcp[Fecha]),1,0) -> 0 | H597: =+dHdcp[[#This Row],[Maximo]]&":"&dHdcp[[#This Row],[Nombre]] -> 0:Angel Hernandez | I597: =+dHdcp[[#This Row],[Maximo]]&":"&_xlfn.XLOOKUP(dHdcp[[#This Row],[Nombre]],dJugador[Nombre],dJugador[Mote],"",0) -> 0:Angel | J597: =+IF(dHdcp[[#This Row],[Maximo]]=0,"",_xlfn.RANK.EQ(dHdcp[[#This Row],[Handicap]],dHdcp[Handicap],1)) | K597: =IFERROR(+_xlfn.RANK.EQ(dHdcp[[#This Row],[Ranking]],dHdcp[Ranking],1),"") | M597: =+dHdcp[[#This Row],[Fecha]]&":"&dHdcp[[#This Row],[Nombre]] -> 44090:Angel Hernandez | N597: =+COUNTIF(dHdcp[Columna1],dHdcp[[#This Row],[Columna1]]) -> 2
A598: 44090 | B598: Angel Hernandez | C598: 6.6 | D598: 2 | E598: Cuart | F598: 97884dbc-a63b-4fb7-8265-b451e2e42768 | G598: =+IF(dHdcp[[#This Row],[Fecha]]=MAX(dHdcp[Fecha]),1,0) -> 0 | H598: =+dHdcp[[#This Row],[Maximo]]&":"&dHdcp[[#This Row],[Nombre]] -> 0:Angel Hernandez | I598: =+dHdcp[[#This Row],[Maximo]]&":"&_xlfn.XLOOKUP(dHdcp[[#This Row],[Nombre]],dJugador[Nombre],dJugador[Mote],"",0) -> 0:Angel | J598: =+IF(dHdcp[[#This Row],[Maximo]]=0,"",_xlfn.RANK.EQ(dHdcp[[#This Row],[Handicap]],dHdcp[Handicap],1)) | K598: =IFERROR(+_xlfn.RANK.EQ(dHdcp[[#This Row],[Ranking]],dHdcp[Ranking],1),"") | M598: =+dHdcp[[#This Row],[Fecha]]&":"&dHdcp[[#This Row],[Nombre]] -> 44090:Angel Hernandez | N598: =+COUNTIF(dHdcp[Columna1],dHdcp[[#This Row],[Columna1]]) -> 2
A599: 44090 | B599: David Sequera | C599: 11.4 | D599: =+VLOOKUP(dHdcp[[#This Row],[Handicap]],'Categoría Hdcap'!$B$2:$E$7,4) -> 2 | E599: Fed | F599: b2acff63-2cae-4757-b865-023c33d861af | G599: =+IF(dHdcp[[#This Row],[Fecha]]=MAX(dHdcp[Fecha]),1,0) -> 0 | H599: =+dHdcp[[#This Row],[Maximo]]&":"&dHdcp[[#This Row],[Nombre]] -> 0:David Sequera | I599: =+dHdcp[[#This Row],[Maximo]]&":"&_xlfn.XLOOKUP(dHdcp[[#This Row],[Nombre]],dJugador[Nombre],dJugador[Mote],"",0) -> 0:David | J599: =+IF(dHdcp[[#This Row],[Maximo]]=0,"",_xlfn.RANK.EQ(dHdcp[[#This Row],[Handicap]],dHdcp[Handicap],1)) | K599: =IFERROR(+_xlfn.RANK.EQ(dHdcp[[#This Row],[Ranking]],dHdcp[Ranking],1),"") | M599: =+dHdcp[[#This Row],[Fecha]]&":"&dHdcp[[#This Row],[Nombre]] -> 44090:David Sequera | N599: =+COUNTIF(dHdcp[Columna1],dHdcp[[#This Row],[Columna1]]) -> 2
A600: 44090 | B600: David Sequera | C600: 10.6 | D600: 2 | E600: Cuart | F600: 9dee201e-e006-4781-b83c-7e2fb9cca684 | G600: =+IF(dHdcp[[#This Row],[Fecha]]=MAX(dHdcp[Fecha]),1,0) -> 0 | H600: =+dHdcp[[#This Row],[Maximo]]&":"&dHdcp[[#This Row],[Nombre]] -> 0:David Sequera | I600: =+dHdcp[[#This Row],[Maximo]]&":"&_xlfn.XLOOKUP(dHdcp[[#This Row],[Nombre]],dJugador[Nombre],dJugador[Mote],"",0) -> 0:David | J600: =+IF(dHdcp[[#This Row],[Maximo]]=0,"",_xlfn.RANK.EQ(dHdcp[[#This Row],[Handicap]],dHdcp[Handicap],1)) | K600: =IFERROR(+_xlfn.RANK.EQ(dHdcp[[#This Row],[Ranking]],dHdcp[Ranking],1),"") | M600: =+dHdcp[[#This Row],[Fecha]]&":"&dHdcp[[#This Row],[Nombre]] -> 44090:David Sequera | N600: =+COUNTIF(dHdcp[Columna1],dHdcp[[#This Row],[Columna1]]) -> 2
A601: 44090 | B601: Francisco Alvarez | C601: 16.2 | D601: =+VLOOKUP(dHdcp[[#This Row],[Handicap]],'Categoría Hdcap'!$B$2:$E$7,4) -> 3 | E601: Fed | F601: cbfdb56b-662d-4f76-9b1e-53a01775bc27 | G601: =+IF(dHdcp[[#This Row],[Fecha]]=MAX(dHdcp[Fecha]),1,0) -> 0 | H601: =+dHdcp[[#This Row],[Maximo]]&":"&dHdcp[[#This Row],[Nombre]] -> 0:Francisco Alvarez | I601: =+dHdcp[[#This Row],[Maximo]]&":"&_xlfn.XLOOKUP(dHdcp[[#This Row],[Nombre]],dJugador[Nombre],dJugador[Mote],"",0) -> 0:Paco | J601: =+IF(dHdcp[[#This Row],[Maximo]]=0,"",_xlfn.RANK.EQ(dHdcp[[#This Row],[Handicap]],dHdcp[Handicap],1)) | K601: =IFERROR(+_xlfn.RANK.EQ(dHdcp[[#This Row],[Ranking]],dHdcp[Ranking],1),"") | M601: =+dHdcp[[#This Row],[Fecha]]&":"&dHdcp[[#This Row],[Nombre]] -> 44090:Francisco Alvarez | N601: =+COUNTIF(dHdcp[Columna1],dHdcp[[#This Row],[Columna1]]) -> 2
A602: 44090 | B602: Francisco Alvarez | C602: 14.1 | D602: 3 | E602: Cuart | F602: 2d321324-4993-4f2c-b525-d47387ce98a7 | G602: =+IF(dHdcp[[#This Row],[Fecha]]=MAX(dHdcp[Fecha]),1,0) -> 0 | H602: =+dHdcp[[#This Row],[Maximo]]&":"&dHdcp[[#This Row],[Nombre]] -> 0:Francisco Alvarez | I602: =+dHdcp[[#This Row],[Maximo]]&":"&_xlfn.XLOOKUP(dHdcp[[#This Row],[Nombre]],dJugador[Nombre],dJugador[Mote],"",0) -> 0:Paco | J602: =+IF(dHdcp[[#This Row],[Maximo]]=0,"",_xlfn.RANK.EQ(dHdcp[[#This Row],[Handicap]],dHdcp[Handicap],1)) | K602: =IFERROR(+_xlfn.RANK.EQ(dHdcp[[#This Row],[Ranking]],dHdcp[Ranking],1),"") | M602: =+dHdcp[[#This Row],[Fecha]]&":"&dHdcp[[#This Row],[Nombre]] -> 44090:Francisco Alvarez | N602: =+COUNTIF(dHdcp[Columna1],dHdcp[[#This Row],[Columna1]]) -> 2
A603: 44090 | B603: Francisco Hidalgo | C603: 15.3 | D603: =+VLOOKUP(dHdcp[[#This Row],[Handicap]],'Categoría Hdcap'!$B$2:$E$7,4) -> 3 | E603: Fed | F603: 02053ca9-efc2-4ca2-a105-a9b8066bb8b0 | G603: =+IF(dHdcp[[#This Row],[Fecha]]=MAX(dHdcp[Fecha]),1,0) -> 0 | H603: =+dHdcp[[#This Row],[Maximo]]&":"&dHdcp[[#This Row],[Nombre]] -> 0:Francisco Hidalgo | I603: =+dHdcp[[#This Row],[Maximo]]&":"&_xlfn.XLOOKUP(dHdcp[[#This Row],[Nombre]],dJugador[Nombre],dJugador[Mote],"",0) -> 0:Fran | J603: =+IF(dHdcp[[#This Row],[Maximo]]=0,"",_xlfn.RANK.EQ(dHdcp[[#This Row],[Handicap]],dHdcp[Handicap],1)) | K603: =IFERROR(+_xlfn.RANK.EQ(dHdcp[[#This Row],[Ranking]],dHdcp[Ranking],1),"") | M603: =+dHdcp[[#This Row],[Fecha]]&":"&dHdcp[[#This Row],[Nombre]] -> 44090:Francisco Hidalgo | N603: =+COUNTIF(dHdcp[Columna1],dHdcp[[#This Row],[Columna1]]) -> 2
A604: 44090 | B604: Francisco Hidalgo | C604: 13.7 | D604: 3 | E604: Cuart | F604: a833e08a-50da-4060-8a6f-3c66d38b91ee | G604: =+IF(dHdcp[[#This Row],[Fecha]]=MAX(dHdcp[Fecha]),1,0) -> 0 | H604: =+dHdcp[[#This Row],[Maximo]]&":"&dHdcp[[#This Row],[Nombre]] -> 0:Francisco Hidalgo | I604: =+dHdcp[[#This Row],[Maximo]]&":"&_xlfn.XLOOKUP(dHdcp[[#This Row],[Nombre]],dJugador[Nombre],dJugador[Mote],"",0) -> 0:Fran | J604: =+IF(dHdcp[[#This Row],[Maximo]]=0,"",_xlfn.RANK.EQ(dHdcp[[#This Row],[Handicap]],dHdcp[Handicap],1)) | K604: =IFERROR(+_xlfn.RANK.EQ(dHdcp[[#This Row],[Ranking]],dHdcp[Ranking],1),"") | M604: =+dHdcp[[#This Row],[Fecha]]&":"&dHdcp[[#This Row],[Nombre]] -> 44090:Francisco Hidalgo | N604: =+COUNTIF(dHdcp[Columna1],dHdcp[[#This Row],[Columna1]]) -> 2
A605: 44090 | B605: GLEZ JUAN JOSÉ | C605: 18.9 | D605: =+VLOOKUP(dHdcp[[#This Row],[Handicap]],'Categoría Hdcap'!$B$2:$E$7,4) -> 4 | E605: Fed | F605: 9fa521d4-d560-4f54-aa73-b4eb371b2154 | G605: =+IF(dHdcp[[#This Row],[Fecha]]=MAX(dHdcp[Fecha]),1,0) -> 0 | H605: =+dHdcp[[#This Row],[Maximo]]&":"&dHdcp[[#This Row],[Nombre]] -> 0:GLEZ JUAN JOSÉ | I605: =+dHdcp[[#This Row],[Maximo]]&":"&_xlfn.XLOOKUP(dHdcp[[#This Row],[Nombre]],dJugador[Nombre],dJugador[Mote],"",0) -> 0:Juanjo | J605: =+IF(dHdcp[[#This Row],[Maximo]]=0,"",_xlfn.RANK.EQ(dHdcp[[#This Row],[Handicap]],dHdcp[Handicap],1)) | K605: =IFERROR(+_xlfn.RANK.EQ(dHdcp[[#This Row],[Ranking]],dHdcp[Ranking],1),"") | M605: =+dHdcp[[#This Row],[Fecha]]&":"&dHdcp[[#This Row],[Nombre]] -> 44090:GLEZ JUAN JOSÉ | N605: =+COUNTIF(dHdcp[Columna1],dHdcp[[#This Row],[Columna1]]) -> 2
A606: 44090 | B606: GLEZ JUAN JOSÉ | C606: 17.5 | D606: 3 | E606: Cuart | F606: 53e44bfb-cf68-49b5-b52c-af1a73083f18 | G606: =+IF(dHdcp[[#This Row],[Fecha]]=MAX(dHdcp[Fecha]),1,0) -> 0 | H606: =+dHdcp[[#This Row],[Maximo]]&":"&dHdcp[[#This Row],[Nombre]] -> 0:GLEZ JUAN JOSÉ | I606: =+dHdcp[[#This Row],[Maximo]]&":"&_xlfn.XLOOKUP(dHdcp[[#This Row],[Nombre]],dJugador[Nombre],dJugador[Mote],"",0) -> 0:Juanjo | J606: =+IF(dHdcp[[#This Row],[Maximo]]=0,"",_xlfn.RANK.EQ(dHdcp[[#This Row],[Handicap]],dHdcp[Handicap],1)) | K606: =IFERROR(+_xlfn.RANK.EQ(dHdcp[[#This Row],[Ranking]],dHdcp[Ranking],1),"") | M606: =+dHdcp[[#This Row],[Fecha]]&":"&dHdcp[[#This Row],[Nombre]] -> 44090:GLEZ JUAN JOSÉ | N606: =+COUNTIF(dHdcp[Columna1],dHdcp[[#This Row],[Columna1]]) -> 2
A607: 44090 | B607: Ignacio Cadarso | C607: 5.6 | D607: =+VLOOKUP(dHdcp[[#This Row],[Handicap]],'Categoría Hdcap'!$B$2:$E$7,4) -> 2 | E607: Fed | F607: 7c661949-3311-498c-8f48-7861edda2271 | G607: =+IF(dHdcp[[#This Row],[Fecha]]=MAX(dHdcp[Fecha]),1,0) -> 0 | H607: =+dHdcp[[#This Row],[Maximo]]&":"&dHdcp[[#This Row],[Nombre]] -> 0:Ignacio Cadarso | I607: =+dHdcp[[#This Row],[Maximo]]&":"&_xlfn.XLOOKUP(dHdcp[[#This Row],[Nombre]],dJugador[Nombre],dJugador[Mote],"",0) -> 0:Ignacio | J607: =+IF(dHdcp[[#This Row],[Maximo]]=0,"",_xlfn.RANK.EQ(dHdcp[[#This Row],[Handicap]],dHdcp[Handicap],1)) | K607: =IFERROR(+_xlfn.RANK.EQ(dHdcp[[#This Row],[Ranking]],dHdcp[Ranking],1),"") | M607: =+dHdcp[[#This Row],[Fecha]]&":"&dHdcp[[#This Row],[Nombre]] -> 44090:Ignacio Cadarso | N607: =+COUNTIF(dHdcp[Columna1],dHdcp[[#This Row],[Columna1]]) -> 2
A608: 44090 | B608: Ignacio Cadarso | C608: 5 | D608: 2 | E608: Cuart | F608: e235f712-7f24-48ec-be11-cd25712ff5af | G608: =+IF(dHdcp[[#This Row],[Fecha]]=MAX(dHdcp[Fecha]),1,0) -> 0 | H608: =+dHdcp[[#This Row],[Maximo]]&":"&dHdcp[[#This Row],[Nombre]] -> 0:Ignacio Cadarso | I608: =+dHdcp[[#This Row],[Maximo]]&":"&_xlfn.XLOOKUP(dHdcp[[#This Row],[Nombre]],dJugador[Nombre],dJugador[Mote],"",0) -> 0:Ignacio | J608: =+IF(dHdcp[[#This Row],[Maximo]]=0,"",_xlfn.RANK.EQ(dHdcp[[#This Row],[Handicap]],dHdcp[Handicap],1)) | K608: =IFERROR(+_xlfn.RANK.EQ(dHdcp[[#This Row],[Ranking]],dHdcp[Ranking],1),"") | M608: =+dHdcp[[#This Row],[Fecha]]&":"&dHdcp[[#This Row],[Nombre]] -> 44090:Ignacio Cadarso | N608: =+COUNTIF(dHdcp[Columna1],dHdcp[[#This Row],[Columna1]]) -> 2
A609: 44090 | B609: J. Enrique Gonzalez | C609: 20.1 | D609: =+VLOOKUP(dHdcp[[#This Row],[Handicap]],'Categoría Hdcap'!$B$2:$E$7,4) -> 4 | E609: Fed | F609: 86e7628e-7528-4d47-b830-fee5e61cbc35 | G609: =+IF(dHdcp[[#This Row],[Fecha]]=MAX(dHdcp[Fecha]),1,0) -> 0 | H609: =+dHdcp[[#This Row],[Maximo]]&":"&dHdcp[[#This Row],[Nombre]] -> 0:J. Enrique Gonzalez | I609: =+dHdcp[[#This Row],[Maximo]]&":"&_xlfn.XLOOKUP(dHdcp[[#This Row],[Nombre]],dJugador[Nombre],dJugador[Mote],"",0) -> 0:Kike | J609: =+IF(dHdcp[[#This Row],[Maximo]]=0,"",_xlfn.RANK.EQ(dHdcp[[#This Row],[Handicap]],dHdcp[Handicap],1)) | K609: =IFERROR(+_xlfn.RANK.EQ(dHdcp[[#This Row],[Ranking]],dHdcp[Ranking],1),"") | M609: =+dHdcp[[#This Row],[Fecha]]&":"&dHdcp[[#This Row],[Nombre]] -> 44090:J. Enrique Gonzalez | N609: =+COUNTIF(dHdcp[Columna1],dHdcp[[#This Row],[Columna1]]) -> 2
A610: 44090 | B610: J. Enrique Gonzalez | C610: 18 | D610: 3 | E610: Cuart | F610: 352c22a3-e169-4c4a-9fa0-340e00426010 | G610: =+IF(dHdcp[[#This Row],[Fecha]]=MAX(dHdcp[Fecha]),1,0) -> 0 | H610: =+dHdcp[[#This Row],[Maximo]]&":"&dHdcp[[#This Row],[Nombre]] -> 0:J. Enrique Gonzalez | I610: =+dHdcp[[#This Row],[Maximo]]&":"&_xlfn.XLOOKUP(dHdcp[[#This Row],[Nombre]],dJugador[Nombre],dJugador[Mote],"",0) -> 0:Kike | J610: =+IF(dHdcp[[#This Row],[Maximo]]=0,"",_xlfn.RANK.EQ(dHdcp[[#This Row],[Handicap]],dHdcp[Handicap],1)) | K610: =IFERROR(+_xlfn.RANK.EQ(dHdcp[[#This Row],[Ranking]],dHdcp[Ranking],1),"") | M610: =+dHdcp[[#This Row],[Fecha]]&":"&dHdcp[[#This Row],[Nombre]] -> 44090:J. Enrique Gonzalez | N610: =+COUNTIF(dHdcp[Columna1],dHdcp[[#This Row],[Columna1]]) -> 2
A611: 44090 | B611: Javier Cervera | C611: 15.1 | D611: =+VLOOKUP(dHdcp[[#This Row],[Handicap]],'Categoría Hdcap'!$B$2:$E$7,4) -> 3 | E611: Fed | F611: 1427ac1c-1c2d-4336-bc37-d7d8beb32e76 | G611: =+IF(dHdcp[[#This Row],[Fecha]]=MAX(dHdcp[Fecha]),1,0) -> 0 | H611: =+dHdcp[[#This Row],[Maximo]]&":"&dHdcp[[#This Row],[Nombre]] -> 0:Javier Cervera | I611: =+dHdcp[[#This Row],[Maximo]]&":"&_xlfn.XLOOKUP(dHdcp[[#This Row],[Nombre]],dJugador[Nombre],dJugador[Mote],"",0) -> 0:Virus | J611: =+IF(dHdcp[[#This Row],[Maximo]]=0,"",_xlfn.RANK.EQ(dHdcp[[#This Row],[Handicap]],dHdcp[Handicap],1)) | K611: =IFERROR(+_xlfn.RANK.EQ(dHdcp[[#This Row],[Ranking]],dHdcp[Ranking],1),"") | M611: =+dHdcp[[#This Row],[Fecha]]&":"&dHdcp[[#This Row],[Nombre]] -> 44090:Javier Cervera | N611: =+COUNTIF(dHdcp[Columna1],dHdcp[[#This Row],[Columna1]]) -> 2
A612: 44090 | B612: Javier Cervera | C612: 13.9 | D612: 3 | E612: Cuart | F612: 19ed1063-ae11-4147-8f90-33e28da75956 | G612: =+IF(dHdcp[[#This Row],[Fecha]]=MAX(dHdcp[Fecha]),1,0) -> 0 | H612: =+dHdcp[[#This Row],[Maximo]]&":"&dHdcp[[#This Row],[Nombre]] -> 0:Javier Cervera | I612: =+dHdcp[[#This Row],[Maximo]]&":"&_xlfn.XLOOKUP(dHdcp[[#This Row],[Nombre]],dJugador[Nombre],dJugador[Mote],"",0) -> 0:Virus | J612: =+IF(dHdcp[[#This Row],[Maximo]]=0,"",_xlfn.RANK.EQ(dHdcp[[#This Row],[Handicap]],dHdcp[Handicap],1)) | K612: =IFERROR(+_xlfn.RANK.EQ(dHdcp[[#This Row],[Ranking]],dHdcp[Ranking],1),"") | M612: =+dHdcp[[#This Row],[Fecha]]&":"&dHdcp[[#This Row],[Nombre]] -> 44090:Javier Cervera | N612: =+COUNTIF(dHdcp[Columna1],dHdcp[[#This Row],[Columna1]]) -> 2
A613: 44090 | B613: Javier Gonzalez Salvador | C613: 15.2 | D613: =+VLOOKUP(dHdcp[[#This Row],[Handicap]],'Categoría Hdcap'!$B$2:$E$7,4) -> 3 | E613: Fed | F613: ae2bd36e-2ccb-4c81-9338-01594517357e | G613: =+IF(dHdcp[[#This Row],[Fecha]]=MAX(dHdcp[Fecha]),1,0) -> 0 | H613: =+dHdcp[[#This Row],[Maximo]]&":"&dHdcp[[#This Row],[Nombre]] -> 0:Javier Gonzalez Salvador | I613: =+dHdcp[[#This Row],[Maximo]]&":"&_xlfn.XLOOKUP(dHdcp[[#This Row],[Nombre]],dJugador[Nombre],dJugador[Mote],"",0) -> 0:Javi | J613: =+IF(dHdcp[[#This Row],[Maximo]]=0,"",_xlfn.RANK.EQ(dHdcp[[#This Row],[Handicap]],dHdcp[Handicap],1)) | K613: =IFERROR(+_xlfn.RANK.EQ(dHdcp[[#This Row],[Ranking]],dHdcp[Ranking],1),"") | M613: =+dHdcp[[#This Row],[Fecha]]&":"&dHdcp[[#This Row],[Nombre]] -> 44090:Javier Gonzalez Salvador | N613: =+COUNTIF(dHdcp[Columna1],dHdcp[[#This Row],[Columna1]]) -> 2
A614: 44090 | B614: Javier Gonzalez Salvador | C614: 11 | D614: 2 | E614: Cuart | F614: ee51831a-b6b4-4786-9e88-77f34e69c772 | G614: =+IF(dHdcp[[#This Row],[Fecha]]=MAX(dHdcp[Fecha]),1,0) -> 0 | H614: =+dHdcp[[#This Row],[Maximo]]&":"&dHdcp[[#This Row],[Nombre]] -> 0:Javier Gonzalez Salvador | I614: =+dHdcp[[#This Row],[Maximo]]&":"&_xlfn.XLOOKUP(dHdcp[[#This Row],[Nombre]],dJugador[Nombre],dJugador[Mote],"",0) -> 0:Javi | J614: =+IF(dHdcp[[#This Row],[Maximo]]=0,"",_xlfn.RANK.EQ(dHdcp[[#This Row],[Handicap]],dHdcp[Handicap],1)) | K614: =IFERROR(+_xlfn.RANK.EQ(dHdcp[[#This Row],[Ranking]],dHdcp[Ranking],1),"") | M614: =+dHdcp[[#This Row],[Fecha]]&":"&dHdcp[[#This Row],[Nombre]] -> 44090:Javier Gonzalez Salvador | N614: =+COUNTIF(dHdcp[Columna1],dHdcp[[#This Row],[Columna1]]) -> 2
A615: 44090 | B615: Jesus Touceda | C615: 22.7 | D615: =+VLOOKUP(dHdcp[[#This Row],[Handicap]],'Categoría Hdcap'!$B$2:$E$7,4) -> 4 | E615: Fed | F615: fadfc7e1-1b01-4887-99d0-9b64fb747278 | G615: =+IF(dHdcp[[#This Row],[Fecha]]=MAX(dHdcp[Fecha]),1,0) -> 0 | H615: =+dHdcp[[#This Row],[Maximo]]&":"&dHdcp[[#This Row],[Nombre]] -> 0:Jesus Touceda | I615: =+dHdcp[[#This Row],[Maximo]]&":"&_xlfn.XLOOKUP(dHdcp[[#This Row],[Nombre]],dJugador[Nombre],dJugador[Mote],"",0) -> 0:Jesús | J615: =+IF(dHdcp[[#This Row],[Maximo]]=0,"",_xlfn.RANK.EQ(dHdcp[[#This Row],[Handicap]],dHdcp[Handicap],1)) | K615: =IFERROR(+_xlfn.RANK.EQ(dHdcp[[#This Row],[Ranking]],dHdcp[Ranking],1),"") | M615: =+dHdcp[[#This Row],[Fecha]]&":"&dHdcp[[#This Row],[Nombre]] -> 44090:Jesus Touceda | N615: =+COUNTIF(dHdcp[Columna1],dHdcp[[#This Row],[Columna1]]) -> 2
A616: 44090 | B616: Jesus Touceda | C616: 21.6 | D616: 4 | E616: Cuart | F616: f398bad9-0e82-4f0a-9a0c-d6e049c235df | G616: =+IF(dHdcp[[#This Row],[Fecha]]=MAX(dHdcp[Fecha]),1,0) -> 0 | H616: =+dHdcp[[#This Row],[Maximo]]&":"&dHdcp[[#This Row],[Nombre]] -> 0:Jesus Touceda | I616: =+dHdcp[[#This Row],[Maximo]]&":"&_xlfn.XLOOKUP(dHdcp[[#This Row],[Nombre]],dJugador[Nombre],dJugador[Mote],"",0) -> 0:Jesús | J616: =+IF(dHdcp[[#This Row],[Maximo]]=0,"",_xlfn.RANK.EQ(dHdcp[[#This Row],[Handicap]],dHdcp[Handicap],1)) | K616: =IFERROR(+_xlfn.RANK.EQ(dHdcp[[#This Row],[Ranking]],dHdcp[Ranking],1),"") | M616: =+dHdcp[[#This Row],[Fecha]]&":"&dHdcp[[#This Row],[Nombre]] -> 44090:Jesus Touceda | N616: =+COUNTIF(dHdcp[Columna1],dHdcp[[#This Row],[Columna1]]) -> 2
A617: 44090 | B617: José Pablo Guil | C617: 6.9 | D617: =+VLOOKUP(dHdcp[[#This Row],[Handicap]],'Categoría Hdcap'!$B$2:$E$7,4) -> 2 | E617: Fed | F617: 763d309d-9110-4318-b629-3d3de6edaa1e | G617: =+IF(dHdcp[[#This Row],[Fecha]]=MAX(dHdcp[Fecha]),1,0) -> 0 | H617: =+dHdcp[[#This Row],[Maximo]]&":"&dHdcp[[#This Row],[Nombre]] -> 0:José Pablo Guil | I617: =+dHdcp[[#This Row],[Maximo]]&":"&_xlfn.XLOOKUP(dHdcp[[#This Row],[Nombre]],dJugador[Nombre],dJugador[Mote],"",0) -> 0:JP | J617: =+IF(dHdcp[[#This Row],[Maximo]]=0,"",_xlfn.RANK.EQ(dHdcp[[#This Row],[Handicap]],dHdcp[Handicap],1)) | K617: =IFERROR(+_xlfn.RANK.EQ(dHdcp[[#This Row],[Ranking]],dHdcp[Ranking],1),"") | M617: =+dHdcp[[#This Row],[Fecha]]&":"&dHdcp[[#This Row],[Nombre]] -> 44090:José Pablo Guil | N617: =+COUNTIF(dHdcp[Columna1],dHdcp[[#This Row],[Columna1]]) -> 2
A618: 44090 | B618: José Pablo Guil | C618: 5.8 | D618: 2 | E618: Cuart | F618: 063bec6f-f65e-4c59-8d9a-6c07421daa3a | G618: =+IF(dHdcp[[#This Row],[Fecha]]=MAX(dHdcp[Fecha]),1,0) -> 0 | H618: =+dHdcp[[#This Row],[Maximo]]&":"&dHdcp[[#This Row],[Nombre]] -> 0:José Pablo Guil | I618: =+dHdcp[[#This Row],[Maximo]]&":"&_xlfn.XLOOKUP(dHdcp[[#This Row],[Nombre]],dJugador[Nombre],dJugador[Mote],"",0) -> 0:JP | J618: =+IF(dHdcp[[#This Row],[Maximo]]=0,"",_xlfn.RANK.EQ(dHdcp[[#This Row],[Handicap]],dHdcp[Handicap],1)) | K618: =IFERROR(+_xlfn.RANK.EQ(dHdcp[[#This Row],[Ranking]],dHdcp[Ranking],1),"") | M618: =+dHdcp[[#This Row],[Fecha]]&":"&dHdcp[[#This Row],[Nombre]] -> 44090:José Pablo Guil | N618: =+COUNTIF(dHdcp[Columna1],dHdcp[[#This Row],[Columna1]]) -> 2
A619: 44090 | B619: Luis Escudero | C619: 18.3 | D619: =+VLOOKUP(dHdcp[[#This Row],[Handicap]],'Categoría Hdcap'!$B$2:$E$7,4) -> 3 | E619: Fed | F619: bd418411-ebfd-46c5-9ab1-38b7aec45c91 | G619: =+IF(dHdcp[[#This Row],[Fecha]]=MAX(dHdcp[Fecha]),1,0) -> 0 | H619: =+dHdcp[[#This Row],[Maximo]]&":"&dHdcp[[#This Row],[Nombre]] -> 0:Luis Escudero | I619: =+dHdcp[[#This Row],[Maximo]]&":"&_xlfn.XLOOKUP(dHdcp[[#This Row],[Nombre]],dJugador[Nombre],dJugador[Mote],"",0) -> 0:Lucho | J619: =+IF(dHdcp[[#This Row],[Maximo]]=0,"",_xlfn.RANK.EQ(dHdcp[[#This Row],[Handicap]],dHdcp[Handicap],1)) | K619: =IFERROR(+_xlfn.RANK.EQ(dHdcp[[#This Row],[Ranking]],dHdcp[Ranking],1),"") | M619: =+dHdcp[[#This Row],[Fecha]]&":"&dHdcp[[#This Row],[Nombre]] -> 44090:Luis Escudero | N619: =+COUNTIF(dHdcp[Columna1],dHdcp[[#This Row],[Columna1]]) -> 2
A620: 44090 | B620: Luis Escudero | C620: 17.1 | D620: 3 | E620: Cuart | F620: d717f49c-766b-4710-a79b-638e7d2539a2 | G620: =+IF(dHdcp[[#This Row],[Fecha]]=MAX(dHdcp[Fecha]),1,0) -> 0 | H620: =+dHdcp[[#This Row],[Maximo]]&":"&dHdcp[[#This Row],[Nombre]] -> 0:Luis Escudero | I620: =+dHdcp[[#This Row],[Maximo]]&":"&_xlfn.XLOOKUP(dHdcp[[#This Row],[Nombre]],dJugador[Nombre],dJugador[Mote],"",0) -> 0:Lucho | J620: =+IF(dHdcp[[#This Row],[Maximo]]=0,"",_xlfn.RANK.EQ(dHdcp[[#This Row],[Handicap]],dHdcp[Handicap],1)) | K620: =IFERROR(+_xlfn.RANK.EQ(dHdcp[[#This Row],[Ranking]],dHdcp[Ranking],1),"") | M620: =+dHdcp[[#This Row],[Fecha]]&":"&dHdcp[[#This Row],[Nombre]] -> 44090:Luis Escudero | N620: =+COUNTIF(dHdcp[Columna1],dHdcp[[#This Row],[Columna1]]) -> 2
A621: 44090 | B621: Miguel Diaz Del Moral | C621: 0.5 | D621: =+VLOOKUP(dHdcp[[#This Row],[Handicap]],'Categoría Hdcap'!$B$2:$E$7,4) -> 1 | E621: Fed | F621: 2f4d2c2a-02ea-442e-9540-712ee601cade | G621: =+IF(dHdcp[[#This Row],[Fecha]]=MAX(dHdcp[Fecha]),1,0) -> 0 | H621: =+dHdcp[[#This Row],[Maximo]]&":"&dHdcp[[#This Row],[Nombre]] -> 0:Miguel Diaz Del Moral | I621: =+dHdcp[[#This Row],[Maximo]]&":"&_xlfn.XLOOKUP(dHdcp[[#This Row],[Nombre]],dJugador[Nombre],dJugador[Mote],"",0) -> 0:Cañita | J621: =+IF(dHdcp[[#This Row],[Maximo]]=0,"",_xlfn.RANK.EQ(dHdcp[[#This Row],[Handicap]],dHdcp[Handicap],1)) | K621: =IFERROR(+_xlfn.RANK.EQ(dHdcp[[#This Row],[Ranking]],dHdcp[Ranking],1),"") | M621: =+dHdcp[[#This Row],[Fecha]]&":"&dHdcp[[#This Row],[Nombre]] -> 44090:Miguel Diaz Del Moral | N621: =+COUNTIF(dHdcp[Columna1],dHdcp[[#This Row],[Columna1]]) -> 1
A622: 44090 | B622: Nacho Gonzalez | C622: 6.3 | D622: =+VLOOKUP(dHdcp[[#This Row],[Handicap]],'Categoría Hdcap'!$B$2:$E$7,4) -> 2 | E622: Fed | F622: 63108aa5-a865-4933-a350-ac441274df28 | G622: =+IF(dHdcp[[#This Row],[Fecha]]=MAX(dHdcp[Fecha]),1,0) -> 0 | H622: =+dHdcp[[#This Row],[Maximo]]&":"&dHdcp[[#This Row],[Nombre]] -> 0:Nacho Gonzalez | I622: =+dHdcp[[#This Row],[Maximo]]&":"&_xlfn.XLOOKUP(dHdcp[[#This Row],[Nombre]],dJugador[Nombre],dJugador[Mote],"",0) -> 0:Nacho | J622: =+IF(dHdcp[[#This Row],[Maximo]]=0,"",_xlfn.RANK.EQ(dHdcp[[#This Row],[Handicap]],dHdcp[Handicap],1)) | K622: =IFERROR(+_xlfn.RANK.EQ(dHdcp[[#This Row],[Ranking]],dHdcp[Ranking],1),"") | M622: =+dHdcp[[#This Row],[Fecha]]&":"&dHdcp[[#This Row],[Nombre]] -> 44090:Nacho Gonzalez | N622: =+COUNTIF(dHdcp[Columna1],dHdcp[[#This Row],[Columna1]]) -> 2
A623: 44090 | B623: Nacho Gonzalez | C623: 4.5 | D623: 1 | E623: Cuart | F623: 92d2d8fc-3356-4607-97c4-056465ab740d | G623: =+IF(dHdcp[[#This Row],[Fecha]]=MAX(dHdcp[Fecha]),1,0) -> 0 | H623: =+dHdcp[[#This Row],[Maximo]]&":"&dHdcp[[#This Row],[Nombre]] -> 0:Nacho Gonzalez | I623: =+dHdcp[[#This Row],[Maximo]]&":"&_xlfn.XLOOKUP(dHdcp[[#This Row],[Nombre]],dJugador[Nombre],dJugador[Mote],"",0) -> 0:Nacho | J623: =+IF(dHdcp[[#This Row],[Maximo]]=0,"",_xlfn.RANK.EQ(dHdcp[[#This Row],[Handicap]],dHdcp[Handicap],1)) | K623: =IFERROR(+_xlfn.RANK.EQ(dHdcp[[#This Row],[Ranking]],dHdcp[Ranking],1),"") | M623: =+dHdcp[[#This Row],[Fecha]]&":"&dHdcp[[#This Row],[Nombre]] -> 44090:Nacho Gonzalez | N623: =+COUNTIF(dHdcp[Columna1],dHdcp[[#This Row],[Columna1]]) -> 2
A624: 44090 | B624: Pablo Munitiz | C624: 13.7 | D624: =+VLOOKUP(dHdcp[[#This Row],[Handicap]],'Categoría Hdcap'!$B$2:$E$7,4) -> 3 | E624: Fed | F624: 35cd241b-b585-4840-8457-41f61568b531 | G624: =+IF(dHdcp[[#This Row],[Fecha]]=MAX(dHdcp[Fecha]),1,0) -> 0 | H624: =+dHdcp[[#This Row],[Maximo]]&":"&dHdcp[[#This Row],[Nombre]] -> 0:Pablo Munitiz | I624: =+dHdcp[[#This Row],[Maximo]]&":"&_xlfn.XLOOKUP(dHdcp[[#This Row],[Nombre]],dJugador[Nombre],dJugador[Mote],"",0) -> 0:Muni | J624: =+IF(dHdcp[[#This Row],[Maximo]]=0,"",_xlfn.RANK.EQ(dHdcp[[#This Row],[Handicap]],dHdcp[Handicap],1)) | K624: =IFERROR(+_xlfn.RANK.EQ(dHdcp[[#This Row],[Ranking]],dHdcp[Ranking],1),"") | M624: =+dHdcp[[#This Row],[Fecha]]&":"&dHdcp[[#This Row],[Nombre]] -> 44090:Pablo Munitiz | N624: =+COUNTIF(dHdcp[Columna1],dHdcp[[#This Row],[Columna1]]) -> 2
A625: 44090 | B625: Pablo Munitiz | C625: 13.5 | D625: 3 | E625: Cuart | F625: 20c3c1af-52d5-41c8-a85d-0811908ed5f8 | G625: =+IF(dHdcp[[#This Row],[Fecha]]=MAX(dHdcp[Fecha]),1,0) -> 0 | H625: =+dHdcp[[#This Row],[Maximo]]&":"&dHdcp[[#This Row],[Nombre]] -> 0:Pablo Munitiz | I625: =+dHdcp[[#This Row],[Maximo]]&":"&_xlfn.XLOOKUP(dHdcp[[#This Row],[Nombre]],dJugador[Nombre],dJugador[Mote],"",0) -> 0:Muni | J625: =+IF(dHdcp[[#This Row],[Maximo]]=0,"",_xlfn.RANK.EQ(dHdcp[[#This Row],[Handicap]],dHdcp[Handicap],1)) | K625: =IFERROR(+_xlfn.RANK.EQ(dHdcp[[#This Row],[Ranking]],dHdcp[Ranking],1),"") | M625: =+dHdcp[[#This Row],[Fecha]]&":"&dHdcp[[#This Row],[Nombre]] -> 44090:Pablo Munitiz | N625: =+COUNTIF(dHdcp[Columna1],dHdcp[[#This Row],[Columna1]]) -> 2
A626: 44178 | B626: Alfonso Hidalgo | C626: 9.3 | D626: =+VLOOKUP(dHdcp[[#This Row],[Handicap]],'Categoría Hdcap'!$B$2:$E$7,4) -> 2 | E626: Fed | F626: 681faa79-7e0b-4181-8cb4-599e946bf7f7 | G626: =+IF(dHdcp[[#This Row],[Fecha]]=MAX(dHdcp[Fecha]),1,0) -> 0 | H626: =+dHdcp[[#This Row],[Maximo]]&":"&dHdcp[[#This Row],[Nombre]] -> 0:Alfonso Hidalgo | I626: =+dHdcp[[#This Row],[Maximo]]&":"&_xlfn.XLOOKUP(dHdcp[[#This Row],[Nombre]],dJugador[Nombre],dJugador[Mote],"",0) -> 0:Alfonso | J626: =+IF(dHdcp[[#This Row],[Maximo]]=0,"",_xlfn.RANK.EQ(dHdcp[[#This Row],[Handicap]],dHdcp[Handicap],1)) | K626: =IFERROR(+_xlfn.RANK.EQ(dHdcp[[#This Row],[Ranking]],dHdcp[Ranking],1),"") | M626: =+dHdcp[[#This Row],[Fecha]]&":"&dHdcp[[#This Row],[Nombre]] -> 44178:Alfonso Hidalgo | N626: =+COUNTIF(dHdcp[Columna1],dHdcp[[#This Row],[Columna1]]) -> 2
A627: 44178 | B627: Alfonso Hidalgo | C627: 8.2 | D627: 2 | E627: Cuart | F627: 55cb6335-3c30-4d62-8e78-cd7cc63b23c7 | G627: =+IF(dHdcp[[#This Row],[Fecha]]=MAX(dHdcp[Fecha]),1,0) -> 0 | H627: =+dHdcp[[#This Row],[Maximo]]&":"&dHdcp[[#This Row],[Nombre]] -> 0:Alfonso Hidalgo | I627: =+dHdcp[[#This Row],[Maximo]]&":"&_xlfn.XLOOKUP(dHdcp[[#This Row],[Nombre]],dJugador[Nombre],dJugador[Mote],"",0) -> 0:Alfonso | J627: =+IF(dHdcp[[#This Row],[Maximo]]=0,"",_xlfn.RANK.EQ(dHdcp[[#This Row],[Handicap]],dHdcp[Handicap],1)) | K627: =IFERROR(+_xlfn.RANK.EQ(dHdcp[[#This Row],[Ranking]],dHdcp[Ranking],1),"") | M627: =+dHdcp[[#This Row],[Fecha]]&":"&dHdcp[[#This Row],[Nombre]] -> 44178:Alfonso Hidalgo | N627: =+COUNTIF(dHdcp[Columna1],dHdcp[[#This Row],[Columna1]]) -> 2
A628: 44178 | B628: Alvaro Aguirre | C628: 6.3 | D628: =+VLOOKUP(dHdcp[[#This Row],[Handicap]],'Categoría Hdcap'!$B$2:$E$7,4) -> 2 | E628: Fed | F628: 65f92cb3-a627-4a6b-b0b3-4b54f6bec418 | G628: =+IF(dHdcp[[#This Row],[Fecha]]=MAX(dHdcp[Fecha]),1,0) -> 0 | H628: =+dHdcp[[#This Row],[Maximo]]&":"&dHdcp[[#This Row],[Nombre]] -> 0:Alvaro Aguirre | I628: =+dHdcp[[#This Row],[Maximo]]&":"&_xlfn.XLOOKUP(dHdcp[[#This Row],[Nombre]],dJugador[Nombre],dJugador[Mote],"",0) -> 0:Gifu | J628: =+IF(dHdcp[[#This Row],[Maximo]]=0,"",_xlfn.RANK.EQ(dHdcp[[#This Row],[Handicap]],dHdcp[Handicap],1)) | K628: =IFERROR(+_xlfn.RANK.EQ(dHdcp[[#This Row],[Ranking]],dHdcp[Ranking],1),"") | M628: =+dHdcp[[#This Row],[Fecha]]&":"&dHdcp[[#This Row],[Nombre]] -> 44178:Alvaro Aguirre | N628: =+COUNTIF(dHdcp[Columna1],dHdcp[[#This Row],[Columna1]]) -> 2
A629: 44178 | B629: Alvaro Aguirre | C629: 5 | D629: 2 | E629: Cuart | F629: 54e9182a-a3fe-44a6-a92b-d11ff754e97f | G629: =+IF(dHdcp[[#This Row],[Fecha]]=MAX(dHdcp[Fecha]),1,0) -> 0 | H629: =+dHdcp[[#This Row],[Maximo]]&":"&dHdcp[[#This Row],[Nombre]] -> 0:Alvaro Aguirre | I629: =+dHdcp[[#This Row],[Maximo]]&":"&_xlfn.XLOOKUP(dHdcp[[#This Row],[Nombre]],dJugador[Nombre],dJugador[Mote],"",0) -> 0:Gifu | J629: =+IF(dHdcp[[#This Row],[Maximo]]=0,"",_xlfn.RANK.EQ(dHdcp[[#This Row],[Handicap]],dHdcp[Handicap],1)) | K629: =IFERROR(+_xlfn.RANK.EQ(dHdcp[[#This Row],[Ranking]],dHdcp[Ranking],1),"") | M629: =+dHdcp[[#This Row],[Fecha]]&":"&dHdcp[[#This Row],[Nombre]] -> 44178:Alvaro Aguirre | N629: =+COUNTIF(dHdcp[Columna1],dHdcp[[#This Row],[Columna1]]) -> 2
A630: 44178 | B630: Alvaro Nieto | C630: 14 | D630: =+VLOOKUP(dHdcp[[#This Row],[Handicap]],'Categoría Hdcap'!$B$2:$E$7,4) -> 3 | E630: Fed | F630: f5f8fa5e-3bd7-415d-8ebc-08093ed7d1ee | G630: =+IF(dHdcp[[#This Row],[Fecha]]=MAX(dHdcp[Fecha]),1,0) -> 0 | H630: =+dHdcp[[#This Row],[Maximo]]&":"&dHdcp[[#This Row],[Nombre]] -> 0:Alvaro Nieto | I630: =+dHdcp[[#This Row],[Maximo]]&":"&_xlfn.XLOOKUP(dHdcp[[#This Row],[Nombre]],dJugador[Nombre],dJugador[Mote],"",0) -> 0:Alvaro | J630: =+IF(dHdcp[[#This Row],[Maximo]]=0,"",_xlfn.RANK.EQ(dHdcp[[#This Row],[Handicap]],dHdcp[Handicap],1)) | K630: =IFERROR(+_xlfn.RANK.EQ(dHdcp[[#This Row],[Ranking]],dHdcp[Ranking],1),"") | M630: =+dHdcp[[#This Row],[Fecha]]&":"&dHdcp[[#This Row],[Nombre]] -> 44178:Alvaro Nieto | N630: =+COUNTIF(dHdcp[Columna1],dHdcp[[#This Row],[Columna1]]) -> 2
A631: 44178 | B631: Alvaro Nieto | C631: 13.3 | D631: 3 | E631: Cuart | F631: f3e3ba61-d31e-4097-9f86-8f96e167e527 | G631: =+IF(dHdcp[[#This Row],[Fecha]]=MAX(dHdcp[Fecha]),1,0) -> 0 | H631: =+dHdcp[[#This Row],[Maximo]]&":"&dHdcp[[#This Row],[Nombre]] -> 0:Alvaro Nieto | I631: =+dHdcp[[#This Row],[Maximo]]&":"&_xlfn.XLOOKUP(dHdcp[[#This Row],[Nombre]],dJugador[Nombre],dJugador[Mote],"",0) -> 0:Alvaro | J631: =+IF(dHdcp[[#This Row],[Maximo]]=0,"",_xlfn.RANK.EQ(dHdcp[[#This Row],[Handicap]],dHdcp[Handicap],1)) | K631: =IFERROR(+_xlfn.RANK.EQ(dHdcp[[#This Row],[Ranking]],dHdcp[Ranking],1),"") | M631: =+dHdcp[[#This Row],[Fecha]]&":"&dHdcp[[#This Row],[Nombre]] -> 44178:Alvaro Nieto | N631: =+COUNTIF(dHdcp[Columna1],dHdcp[[#This Row],[Columna1]]) -> 2
A632: 44178 | B632: Angel Hernandez | C632: 7.6 | D632: =+VLOOKUP(dHdcp[[#This Row],[Handicap]],'Categoría Hdcap'!$B$2:$E$7,4) -> 2 | E632: Fed | F632: fbdc3946-b442-4329-bb13-bba342e67585 | G632: =+IF(dHdcp[[#This Row],[Fecha]]=MAX(dHdcp[Fecha]),1,0) -> 0 | H632: =+dHdcp[[#This Row],[Maximo]]&":"&dHdcp[[#This Row],[Nombre]] -> 0:Angel Hernandez | I632: =+dHdcp[[#This Row],[Maximo]]&":"&_xlfn.XLOOKUP(dHdcp[[#This Row],[Nombre]],dJugador[Nombre],dJugador[Mote],"",0) -> 0:Angel | J632: =+IF(dHdcp[[#This Row],[Maximo]]=0,"",_xlfn.RANK.EQ(dHdcp[[#This Row],[Handicap]],dHdcp[Handicap],1)) | K632: =IFERROR(+_xlfn.RANK.EQ(dHdcp[[#This Row],[Ranking]],dHdcp[Ranking],1),"") | M632: =+dHdcp[[#This Row],[Fecha]]&":"&dHdcp[[#This Row],[Nombre]] -> 44178:Angel Hernandez | N632: =+COUNTIF(dHdcp[Columna1],dHdcp[[#This Row],[Columna1]]) -> 2
A633: 44178 | B633: Angel Hernandez | C633: 6.7 | D633: 2 | E633: Cuart | F633: 1e378296-e079-41e4-a047-2b29d04676fa | G633: =+IF(dHdcp[[#This Row],[Fecha]]=MAX(dHdcp[Fecha]),1,0) -> 0 | H633: =+dHdcp[[#This Row],[Maximo]]&":"&dHdcp[[#This Row],[Nombre]] -> 0:Angel Hernandez | I633: =+dHdcp[[#This Row],[Maximo]]&":"&_xlfn.XLOOKUP(dHdcp[[#This Row],[Nombre]],dJugador[Nombre],dJugador[Mote],"",0) -> 0:Angel | J633: =+IF(dHdcp[[#This Row],[Maximo]]=0,"",_xlfn.RANK.EQ(dHdcp[[#This Row],[Handicap]],dHdcp[Handicap],1)) | K633: =IFERROR(+_xlfn.RANK.EQ(dHdcp[[#This Row],[Ranking]],dHdcp[Ranking],1),"") | M633: =+dHdcp[[#This Row],[Fecha]]&":"&dHdcp[[#This Row],[Nombre]] -> 44178:Angel Hernandez | N633: =+COUNTIF(dHdcp[Columna1],dHdcp[[#This Row],[Columna1]]) -> 2
A634: 44178 | B634: David Sequera | C634: 11.4 | D634: =+VLOOKUP(dHdcp[[#This Row],[Handicap]],'Categoría Hdcap'!$B$2:$E$7,4) -> 2 | E634: Fed | F634: f2c461f4-37a9-4c74-ba86-9583f61639f5 | G634: =+IF(dHdcp[[#This Row],[Fecha]]=MAX(dHdcp[Fecha]),1,0) -> 0 | H634: =+dHdcp[[#This Row],[Maximo]]&":"&dHdcp[[#This Row],[Nombre]] -> 0:David Sequera | I634: =+dHdcp[[#This Row],[Maximo]]&":"&_xlfn.XLOOKUP(dHdcp[[#This Row],[Nombre]],dJugador[Nombre],dJugador[Mote],"",0) -> 0:David | J634: =+IF(dHdcp[[#This Row],[Maximo]]=0,"",_xlfn.RANK.EQ(dHdcp[[#This Row],[Handicap]],dHdcp[Handicap],1)) | K634: =IFERROR(+_xlfn.RANK.EQ(dHdcp[[#This Row],[Ranking]],dHdcp[Ranking],1),"") | M634: =+dHdcp[[#This Row],[Fecha]]&":"&dHdcp[[#This Row],[Nombre]] -> 44178:David Sequera | N634: =+COUNTIF(dHdcp[Columna1],dHdcp[[#This Row],[Columna1]]) -> 2
A635: 44178 | B635: David Sequera | C635: 10.7 | D635: 2 | E635: Cuart | F635: 9b65a198-0f7d-4ca3-9a37-7e32809301c3 | G635: =+IF(dHdcp[[#This Row],[Fecha]]=MAX(dHdcp[Fecha]),1,0) -> 0 | H635: =+dHdcp[[#This Row],[Maximo]]&":"&dHdcp[[#This Row],[Nombre]] -> 0:David Sequera | I635: =+dHdcp[[#This Row],[Maximo]]&":"&_xlfn.XLOOKUP(dHdcp[[#This Row],[Nombre]],dJugador[Nombre],dJugador[Mote],"",0) -> 0:David | J635: =+IF(dHdcp[[#This Row],[Maximo]]=0,"",_xlfn.RANK.EQ(dHdcp[[#This Row],[Handicap]],dHdcp[Handicap],1)) | K635: =IFERROR(+_xlfn.RANK.EQ(dHdcp[[#This Row],[Ranking]],dHdcp[Ranking],1),"") | M635: =+dHdcp[[#This Row],[Fecha]]&":"&dHdcp[[#This Row],[Nombre]] -> 44178:David Sequera | N635: =+COUNTIF(dHdcp[Columna1],dHdcp[[#This Row],[Columna1]]) -> 2
A636: 44178 | B636: Francisco Alvarez | C636: 16.2 | D636: =+VLOOKUP(dHdcp[[#This Row],[Handicap]],'Categoría Hdcap'!$B$2:$E$7,4) -> 3 | E636: Fed | F636: 3269f25d-5067-433d-92d3-c37e5e51e121 | G636: =+IF(dHdcp[[#This Row],[Fecha]]=MAX(dHdcp[Fecha]),1,0) -> 0 | H636: =+dHdcp[[#This Row],[Maximo]]&":"&dHdcp[[#This Row],[Nombre]] -> 0:Francisco Alvarez | I636: =+dHdcp[[#This Row],[Maximo]]&":"&_xlfn.XLOOKUP(dHdcp[[#This Row],[Nombre]],dJugador[Nombre],dJugador[Mote],"",0) -> 0:Paco | J636: =+IF(dHdcp[[#This Row],[Maximo]]=0,"",_xlfn.RANK.EQ(dHdcp[[#This Row],[Handicap]],dHdcp[Handicap],1)) | K636: =IFERROR(+_xlfn.RANK.EQ(dHdcp[[#This Row],[Ranking]],dHdcp[Ranking],1),"") | M636: =+dHdcp[[#This Row],[Fecha]]&":"&dHdcp[[#This Row],[Nombre]] -> 44178:Francisco Alvarez | N636: =+COUNTIF(dHdcp[Columna1],dHdcp[[#This Row],[Columna1]]) -> 2
A637: 44178 | B637: Francisco Alvarez | C637: 14.2 | D637: 3 | E637: Cuart | F637: 953aefab-be01-4893-9804-cdb444988a1e | G637: =+IF(dHdcp[[#This Row],[Fecha]]=MAX(dHdcp[Fecha]),1,0) -> 0 | H637: =+dHdcp[[#This Row],[Maximo]]&":"&dHdcp[[#This Row],[Nombre]] -> 0:Francisco Alvarez | I637: =+dHdcp[[#This Row],[Maximo]]&":"&_xlfn.XLOOKUP(dHdcp[[#This Row],[Nombre]],dJugador[Nombre],dJugador[Mote],"",0) -> 0:Paco | J637: =+IF(dHdcp[[#This Row],[Maximo]]=0,"",_xlfn.RANK.EQ(dHdcp[[#This Row],[Handicap]],dHdcp[Handicap],1)) | K637: =IFERROR(+_xlfn.RANK.EQ(dHdcp[[#This Row],[Ranking]],dHdcp[Ranking],1),"") | M637: =+dHdcp[[#This Row],[Fecha]]&":"&dHdcp[[#This Row],[Nombre]] -> 44178:Francisco Alvarez | N637: =+COUNTIF(dHdcp[Columna1],dHdcp[[#This Row],[Columna1]]) -> 2
A638: 44178 | B638: Francisco Hidalgo | C638: 14.7 | D638: =+VLOOKUP(dHdcp[[#This Row],[Handicap]],'Categoría Hdcap'!$B$2:$E$7,4) -> 3 | E638: Fed | F638: 123ed770-d4e6-4e58-9e42-a4e701d009af | G638: =+IF(dHdcp[[#This Row],[Fecha]]=MAX(dHdcp[Fecha]),1,0) -> 0 | H638: =+dHdcp[[#This Row],[Maximo]]&":"&dHdcp[[#This Row],[Nombre]] -> 0:Francisco Hidalgo | I638: =+dHdcp[[#This Row],[Maximo]]&":"&_xlfn.XLOOKUP(dHdcp[[#This Row],[Nombre]],dJugador[Nombre],dJugador[Mote],"",0) -> 0:Fran | J638: =+IF(dHdcp[[#This Row],[Maximo]]=0,"",_xlfn.RANK.EQ(dHdcp[[#This Row],[Handicap]],dHdcp[Handicap],1)) | K638: =IFERROR(+_xlfn.RANK.EQ(dHdcp[[#This Row],[Ranking]],dHdcp[Ranking],1),"") | M638: =+dHdcp[[#This Row],[Fecha]]&":"&dHdcp[[#This Row],[Nombre]] -> 44178:Francisco Hidalgo | N638: =+COUNTIF(dHdcp[Columna1],dHdcp[[#This Row],[Columna1]]) -> 2
A639: 44178 | B639: Francisco Hidalgo | C639: 13.7 | D639: 3 | E639: Cuart | F639: 25ff81df-b508-4258-b060-b0ab7bec6a3f | G639: =+IF(dHdcp[[#This Row],[Fecha]]=MAX(dHdcp[Fecha]),1,0) -> 0 | H639: =+dHdcp[[#This Row],[Maximo]]&":"&dHdcp[[#This Row],[Nombre]] -> 0:Francisco Hidalgo | I639: =+dHdcp[[#This Row],[Maximo]]&":"&_xlfn.XLOOKUP(dHdcp[[#This Row],[Nombre]],dJugador[Nombre],dJugador[Mote],"",0) -> 0:Fran | J639: =+IF(dHdcp[[#This Row],[Maximo]]=0,"",_xlfn.RANK.EQ(dHdcp[[#This Row],[Handicap]],dHdcp[Handicap],1)) | K639: =IFERROR(+_xlfn.RANK.EQ(dHdcp[[#This Row],[Ranking]],dHdcp[Ranking],1),"") | M639: =+dHdcp[[#This Row],[Fecha]]&":"&dHdcp[[#This Row],[Nombre]] -> 44178:Francisco Hidalgo | N639: =+COUNTIF(dHdcp[Columna1],dHdcp[[#This Row],[Columna1]]) -> 2
A640: 44178 | B640: GLEZ JUAN JOSÉ | C640: 18.6 | D640: =+VLOOKUP(dHdcp[[#This Row],[Handicap]],'Categoría Hdcap'!$B$2:$E$7,4) -> 4 | E640: Fed | F640: ea4aa15a-7f7f-410b-9d60-49806f5634ea | G640: =+IF(dHdcp[[#This Row],[Fecha]]=MAX(dHdcp[Fecha]),1,0) -> 0 | H640: =+dHdcp[[#This Row],[Maximo]]&":"&dHdcp[[#This Row],[Nombre]] -> 0:GLEZ JUAN JOSÉ | I640: =+dHdcp[[#This Row],[Maximo]]&":"&_xlfn.XLOOKUP(dHdcp[[#This Row],[Nombre]],dJugador[Nombre],dJugador[Mote],"",0) -> 0:Juanjo | J640: =+IF(dHdcp[[#This Row],[Maximo]]=0,"",_xlfn.RANK.EQ(dHdcp[[#This Row],[Handicap]],dHdcp[Handicap],1)) | K640: =IFERROR(+_xlfn.RANK.EQ(dHdcp[[#This Row],[Ranking]],dHdcp[Ranking],1),"") | M640: =+dHdcp[[#This Row],[Fecha]]&":"&dHdcp[[#This Row],[Nombre]] -> 44178:GLEZ JUAN JOSÉ | N640: =+COUNTIF(dHdcp[Columna1],dHdcp[[#This Row],[Columna1]]) -> 2
A641: 44178 | B641: GLEZ JUAN JOSÉ | C641: 17.5 | D641: 3 | E641: Cuart | F641: dfa4b8f2-b86b-45d3-8800-2a21921ddebf | G641: =+IF(dHdcp[[#This Row],[Fecha]]=MAX(dHdcp[Fecha]),1,0) -> 0 | H641: =+dHdcp[[#This Row],[Maximo]]&":"&dHdcp[[#This Row],[Nombre]] -> 0:GLEZ JUAN JOSÉ | I641: =+dHdcp[[#This Row],[Maximo]]&":"&_xlfn.XLOOKUP(dHdcp[[#This Row],[Nombre]],dJugador[Nombre],dJugador[Mote],"",0) -> 0:Juanjo | J641: =+IF(dHdcp[[#This Row],[Maximo]]=0,"",_xlfn.RANK.EQ(dHdcp[[#This Row],[Handicap]],dHdcp[Handicap],1)) | K641: =IFERROR(+_xlfn.RANK.EQ(dHdcp[[#This Row],[Ranking]],dHdcp[Ranking],1),"") | M641: =+dHdcp[[#This Row],[Fecha]]&":"&dHdcp[[#This Row],[Nombre]] -> 44178:GLEZ JUAN JOSÉ | N641: =+COUNTIF(dHdcp[Columna1],dHdcp[[#This Row],[Columna1]]) -> 2
...

Sheet Equipos LIV-Tillos
A1: Temporada | B1: NEquipo | C1: Nombre Equipo | D1: Equipo:Temp | E1: Logo
A2: 2024 | B2: 1 | C2: KOBRA KAI | D2: =+dEquipos[[#This Row],[Temporada]]&":"&dEquipos[[#This Row],[NEquipo]] -> 2024:1
A3: 2024 | B3: 2 | C3: RED RHINO | D3: =+dEquipos[[#This Row],[Temporada]]&":"&dEquipos[[#This Row],[NEquipo]] -> 2024:2 | E3: https://ibb.co/HXx9bz7
A4: 2024 | B4: 3 | C4: THE ARCHERS | D4: =+dEquipos[[#This Row],[Temporada]]&":"&dEquipos[[#This Row],[NEquipo]] -> 2024:3 | E4: https://ibb.co/pWsfYvm
A5: 2024 | B5: 4 | C5: CONDOR GC | D5: =+dEquipos[[#This Row],[Temporada]]&":"&dEquipos[[#This Row],[NEquipo]] -> 2024:4 | E5: https://ibb.co/w74qxYK
A6: 2024 | B6: 5 | C6: ANGRYPIG | D6: =+dEquipos[[#This Row],[Temporada]]&":"&dEquipos[[#This Row],[NEquipo]] -> 2024:5 | E6: https://ibb.co/gSLH5z0
A7: 2024 | B7: 6 | C7: LOS FICJ6 | D7: =+dEquipos[[#This Row],[Temporada]]&":"&dEquipos[[#This Row],[NEquipo]] -> 2024:6 | E7: https://es.wikipedia.org/wiki/Bandera_de_Espa%C3%B1a#/media/Archivo:Bandera_de_Espa%C3%B1a.svg
A8: 2024 | B8: 7 | C8: EAGLE MIND | D8: =+dEquipos[[#This Row],[Temporada]]&":"&dEquipos[[#This Row],[NEquipo]] -> 2024:7 | E8: https://ibb.co/wdyhy4T
A9: 2024 | B9: 8 | C9: AVE FENIX | D9: =+dEquipos[[#This Row],[Temporada]]&":"&dEquipos[[#This Row],[NEquipo]] -> 2024:8 | E9: https://es.wikipedia.org/wiki/Bandera_de_Espa%C3%B1a#/media/Archivo:Bandera_de_Espa%C3%B1a.svg
A10: 2024 | B10: 9 | C10: CUATREROS GC | D10: =+dEquipos[[#This Row],[Temporada]]&":"&dEquipos[[#This Row],[NEquipo]] -> 2024:9
A11: 2025 | B11: 6 | C11: KOBRA KAI | D11: =+dEquipos[[#This Row],[Temporada]]&":"&dEquipos[[#This Row],[NEquipo]] -> 2025:6
A12: 2025 | B12: 8 | C12: RED RHINO | D12: =+dEquipos[[#This Row],[Temporada]]&":"&dEquipos[[#This Row],[NEquipo]] -> 2025:8 | E12: https://ibb.co/HXx9bz7
A13: 2025 | B13: 9 | C13: THE ARCHERS | D13: =+dEquipos[[#This Row],[Temporada]]&":"&dEquipos[[#This Row],[NEquipo]] -> 2025:9 | E13: https://ibb.co/pWsfYvm
A14: 2025 | B14: 3 | C14: CONDOR GC | D14: =+dEquipos[[#This Row],[Temporada]]&":"&dEquipos[[#This Row],[NEquipo]] -> 2025:3 | E14: https://ibb.co/w74qxYK
A15: 2025 | B15: 1 | C15: ANGRYPIG | D15: =+dEquipos[[#This Row],[Temporada]]&":"&dEquipos[[#This Row],[NEquipo]] -> 2025:1 | E15: https://ibb.co/gSLH5z0
A16: 2025 | B16: 7 | C16: LOS FICJ6 | D16: =+dEquipos[[#This Row],[Temporada]]&":"&dEquipos[[#This Row],[NEquipo]] -> 2025:7 | E16: https://es.wikipedia.org/wiki/Bandera_de_Espa%C3%B1a#/media/Archivo:Bandera_de_Espa%C3%B1a.svg
A17: 2025 | B17: 5 | C17: EAGLE MIND | D17: =+dEquipos[[#This Row],[Temporada]]&":"&dEquipos[[#This Row],[NEquipo]] -> 2025:5 | E17: https://ibb.co/wdyhy4T
A18: 2025 | B18: 2 | C18: AVE FENIX | D18: =+dEquipos[[#This Row],[Temporada]]&":"&dEquipos[[#This Row],[NEquipo]] -> 2025:2 | E18: https://es.wikipedia.org/wiki/Bandera_de_Espa%C3%B1a#/media/Archivo:Bandera_de_Espa%C3%B1a.svg
A19: 2025 | B19: 4 | C19: CUATREROS GC | D19: =+dEquipos[[#This Row],[Temporada]]&":"&dEquipos[[#This Row],[NEquipo]] -> 2025:4
A20: 2026 | B20: 1 | C20: CERDOS ARQUEROS | D20: =+dEquipos[[#This Row],[Temporada]]&":"&dEquipos[[#This Row],[NEquipo]] -> 2026:1
A21: 2026 | B21: 2 | C21: LA ORDEN DEL SWING SAGRADO | D21: =+dEquipos[[#This Row],[Temporada]]&":"&dEquipos[[#This Row],[NEquipo]] -> 2026:2
A22: 2026 | B22: 3 | C22: LOS GUARDIANES DEL DATÁFONO | D22: =+dEquipos[[#This Row],[Temporada]]&":"&dEquipos[[#This Row],[NEquipo]] -> 2026:3
A23: 2026 | B23: 4 | C23: ME ALIVIO GOLF CLUB | D23: =+dEquipos[[#This Row],[Temporada]]&":"&dEquipos[[#This Row],[NEquipo]] -> 2026:4
A24: 2026 | B24: 5 | C24: NO TE LA LLEVES MAMADO | D24: =+dEquipos[[#This Row],[Temporada]]&":"&dEquipos[[#This Row],[NEquipo]] -> 2026:5
A25: 2026 | B25: 7 | C25: GIMBROS | D25: =+dEquipos[[#This Row],[Temporada]]&":"&dEquipos[[#This Row],[NEquipo]] -> 2026:7
A26: 2026 | B26: 6 | C26: LA AMENAZA FANTASMA | D26: =+dEquipos[[#This Row],[Temporada]]&":"&dEquipos[[#This Row],[NEquipo]] -> 2026:6

Sheet Jugadores por EquipoAño
A1: Temporada | B1: Jugador | C1: RkEquipo | D1: Equipo | E1: Mote | F1: NombreEq | G1: Equipo:Temp | H1: Columna1
A2: 2024 | B2: Carlos Maestro | C2: 1 | D2: 1 | E2: =+_xlfn.XLOOKUP(dJugadorEquipo[[#This Row],[Jugador]],dJugador[Nombre],dJugador[Mote],"",0) -> Carlitos | F2: =+_xlfn.XLOOKUP(dJugadorEquipo[[#This Row],[Equipo:Temp]],dEquipos[Equipo:Temp],dEquipos[Nombre Equipo],"",0) -> KOBRA KAI | G2: =+dJugadorEquipo[[#This Row],[Temporada]]&":"&dJugadorEquipo[[#This Row],[Equipo]] -> 2024:1 | H2: =+_xlfn.XLOOKUP(dJugadorEquipo[[#This Row],[Equipo:Temp]],dEquipos[Equipo:Temp],dEquipos[Nombre Equipo],"",0) -> KOBRA KAI
A3: 2024 | B3: Alfonso Hidalgo | C3: 4 | D3: 1 | E3: =+_xlfn.XLOOKUP(dJugadorEquipo[[#This Row],[Jugador]],dJugador[Nombre],dJugador[Mote],"",0) -> Alfonso | F3: =+_xlfn.XLOOKUP(dJugadorEquipo[[#This Row],[Equipo:Temp]],dEquipos[Equipo:Temp],dEquipos[Nombre Equipo],"",0) -> KOBRA KAI | G3: =+dJugadorEquipo[[#This Row],[Temporada]]&":"&dJugadorEquipo[[#This Row],[Equipo]] -> 2024:1 | H3: =+_xlfn.XLOOKUP(dJugadorEquipo[[#This Row],[Equipo:Temp]],dEquipos[Equipo:Temp],dEquipos[Nombre Equipo],"",0) -> KOBRA KAI
A4: 2024 | B4: Javier Cervera | C4: 6 | D4: 1 | E4: =+_xlfn.XLOOKUP(dJugadorEquipo[[#This Row],[Jugador]],dJugador[Nombre],dJugador[Mote],"",0) -> Virus | F4: =+_xlfn.XLOOKUP(dJugadorEquipo[[#This Row],[Equipo:Temp]],dEquipos[Equipo:Temp],dEquipos[Nombre Equipo],"",0) -> KOBRA KAI | G4: =+dJugadorEquipo[[#This Row],[Temporada]]&":"&dJugadorEquipo[[#This Row],[Equipo]] -> 2024:1 | H4: =+_xlfn.XLOOKUP(dJugadorEquipo[[#This Row],[Equipo:Temp]],dEquipos[Equipo:Temp],dEquipos[Nombre Equipo],"",0) -> KOBRA KAI
A5: 2024 | B5: Jose Antonio Santana | C5: 8 | D5: 1 | E5: =+_xlfn.XLOOKUP(dJugadorEquipo[[#This Row],[Jugador]],dJugador[Nombre],dJugador[Mote],"",0) -> J Antonio | F5: =+_xlfn.XLOOKUP(dJugadorEquipo[[#This Row],[Equipo:Temp]],dEquipos[Equipo:Temp],dEquipos[Nombre Equipo],"",0) -> KOBRA KAI | G5: =+dJugadorEquipo[[#This Row],[Temporada]]&":"&dJugadorEquipo[[#This Row],[Equipo]] -> 2024:1 | H5: =+_xlfn.XLOOKUP(dJugadorEquipo[[#This Row],[Equipo:Temp]],dEquipos[Equipo:Temp],dEquipos[Nombre Equipo],"",0) -> KOBRA KAI
A6: 2024 | B6: Nacho Casas | C6: 5 | D6: 2 | E6: =+_xlfn.XLOOKUP(dJugadorEquipo[[#This Row],[Jugador]],dJugador[Nombre],dJugador[Mote],"",0) -> Nachete | F6: =+_xlfn.XLOOKUP(dJugadorEquipo[[#This Row],[Equipo:Temp]],dEquipos[Equipo:Temp],dEquipos[Nombre Equipo],"",0) -> RED RHINO | G6: =+dJugadorEquipo[[#This Row],[Temporada]]&":"&dJugadorEquipo[[#This Row],[Equipo]] -> 2024:2 | H6: =+_xlfn.XLOOKUP(dJugadorEquipo[[#This Row],[Equipo:Temp]],dEquipos[Equipo:Temp],dEquipos[Nombre Equipo],"",0) -> RED RHINO
A7: 2024 | B7: Luis Fernandez | C7: 2 | D7: 2 | E7: =+_xlfn.XLOOKUP(dJugadorEquipo[[#This Row],[Jugador]],dJugador[Nombre],dJugador[Mote],"",0) -> Luis | F7: =+_xlfn.XLOOKUP(dJugadorEquipo[[#This Row],[Equipo:Temp]],dEquipos[Equipo:Temp],dEquipos[Nombre Equipo],"",0) -> RED RHINO | G7: =+dJugadorEquipo[[#This Row],[Temporada]]&":"&dJugadorEquipo[[#This Row],[Equipo]] -> 2024:2 | H7: =+_xlfn.XLOOKUP(dJugadorEquipo[[#This Row],[Equipo:Temp]],dEquipos[Equipo:Temp],dEquipos[Nombre Equipo],"",0) -> RED RHINO
A8: 2024 | B8: Ruslan Kochman | C8: 5 | D8: 2 | E8: =+_xlfn.XLOOKUP(dJugadorEquipo[[#This Row],[Jugador]],dJugador[Nombre],dJugador[Mote],"",0) -> Rus | F8: =+_xlfn.XLOOKUP(dJugadorEquipo[[#This Row],[Equipo:Temp]],dEquipos[Equipo:Temp],dEquipos[Nombre Equipo],"",0) -> RED RHINO | G8: =+dJugadorEquipo[[#This Row],[Temporada]]&":"&dJugadorEquipo[[#This Row],[Equipo]] -> 2024:2 | H8: =+_xlfn.XLOOKUP(dJugadorEquipo[[#This Row],[Equipo:Temp]],dEquipos[Equipo:Temp],dEquipos[Nombre Equipo],"",0) -> RED RHINO
A9: 2024 | B9: Juan Jose Aguado | C9: 4 | D9: 2 | E9: =+_xlfn.XLOOKUP(dJugadorEquipo[[#This Row],[Jugador]],dJugador[Nombre],dJugador[Mote],"",0) -> Juancho | F9: =+_xlfn.XLOOKUP(dJugadorEquipo[[#This Row],[Equipo:Temp]],dEquipos[Equipo:Temp],dEquipos[Nombre Equipo],"",0) -> RED RHINO | G9: =+dJugadorEquipo[[#This Row],[Temporada]]&":"&dJugadorEquipo[[#This Row],[Equipo]] -> 2024:2 | H9: =+_xlfn.XLOOKUP(dJugadorEquipo[[#This Row],[Equipo:Temp]],dEquipos[Equipo:Temp],dEquipos[Nombre Equipo],"",0) -> RED RHINO
A10: 2024 | B10: Alejandro Arcos | C10: 2 | D10: 3 | E10: =+_xlfn.XLOOKUP(dJugadorEquipo[[#This Row],[Jugador]],dJugador[Nombre],dJugador[Mote],"",0) -> Alex | F10: =+_xlfn.XLOOKUP(dJugadorEquipo[[#This Row],[Equipo:Temp]],dEquipos[Equipo:Temp],dEquipos[Nombre Equipo],"",0) -> THE ARCHERS | G10: =+dJugadorEquipo[[#This Row],[Temporada]]&":"&dJugadorEquipo[[#This Row],[Equipo]] -> 2024:3 | H10: =+_xlfn.XLOOKUP(dJugadorEquipo[[#This Row],[Equipo:Temp]],dEquipos[Equipo:Temp],dEquipos[Nombre Equipo],"",0) -> THE ARCHERS
A11: 2024 | B11: Javier Arcos | C11: 6 | D11: 3 | E11: =+_xlfn.XLOOKUP(dJugadorEquipo[[#This Row],[Jugador]],dJugador[Nombre],dJugador[Mote],"",0) -> J.Arcos | F11: =+_xlfn.XLOOKUP(dJugadorEquipo[[#This Row],[Equipo:Temp]],dEquipos[Equipo:Temp],dEquipos[Nombre Equipo],"",0) -> THE ARCHERS | G11: =+dJugadorEquipo[[#This Row],[Temporada]]&":"&dJugadorEquipo[[#This Row],[Equipo]] -> 2024:3 | H11: =+_xlfn.XLOOKUP(dJugadorEquipo[[#This Row],[Equipo:Temp]],dEquipos[Equipo:Temp],dEquipos[Nombre Equipo],"",0) -> THE ARCHERS
A12: 2024 | B12: Alvaro Nieto | C12: 1 | D12: 3 | E12: =+_xlfn.XLOOKUP(dJugadorEquipo[[#This Row],[Jugador]],dJugador[Nombre],dJugador[Mote],"",0) -> Alvaro | F12: =+_xlfn.XLOOKUP(dJugadorEquipo[[#This Row],[Equipo:Temp]],dEquipos[Equipo:Temp],dEquipos[Nombre Equipo],"",0) -> THE ARCHERS | G12: =+dJugadorEquipo[[#This Row],[Temporada]]&":"&dJugadorEquipo[[#This Row],[Equipo]] -> 2024:3 | H12: =+_xlfn.XLOOKUP(dJugadorEquipo[[#This Row],[Equipo:Temp]],dEquipos[Equipo:Temp],dEquipos[Nombre Equipo],"",0) -> THE ARCHERS
A13: 2024 | B13: Jesus Touceda | C13: 7 | D13: 3 | E13: =+_xlfn.XLOOKUP(dJugadorEquipo[[#This Row],[Jugador]],dJugador[Nombre],dJugador[Mote],"",0) -> Jesús | F13: =+_xlfn.XLOOKUP(dJugadorEquipo[[#This Row],[Equipo:Temp]],dEquipos[Equipo:Temp],dEquipos[Nombre Equipo],"",0) -> THE ARCHERS | G13: =+dJugadorEquipo[[#This Row],[Temporada]]&":"&dJugadorEquipo[[#This Row],[Equipo]] -> 2024:3 | H13: =+_xlfn.XLOOKUP(dJugadorEquipo[[#This Row],[Equipo:Temp]],dEquipos[Equipo:Temp],dEquipos[Nombre Equipo],"",0) -> THE ARCHERS
... A35: 2024 | B35: Juan Sanz | C35: 2 | D35: 9 | E35: =+_xlfn.XLOOKUP(dJugadorEquipo[[#This Row],[Jugador]],dJugador[Nombre],dJugador[Mote],"",0) -> JuanSanz | F35: =+_xlfn.XLOOKUP(dJugadorEquipo[[#This Row],[Equipo:Temp]],dEquipos[Equipo:Temp],dEquipos[Nombre Equipo],"",0) -> CUATREROS GC | G35: =+dJugadorEquipo[[#This Row],[Temporada]]&":"&dJugadorEquipo[[#This Row],[Equipo]] -> 2024:9 | H35: =+_xlfn.XLOOKUP(dJugadorEquipo[[#This Row],[Equipo:Temp]],dEquipos[Equipo:Temp],dEquipos[Nombre Equipo],"",0) -> CUATREROS GC
A36: 2025 | B36: Carlos Maestro | D36: 1 | E36: =+_xlfn.XLOOKUP(dJugadorEquipo[[#This Row],[Jugador]],dJugador[Nombre],dJugador[Mote],"",0) -> Carlitos | F36: =+_xlfn.XLOOKUP(dJugadorEquipo[[#This Row],[Equipo:Temp]],dEquipos[Equipo:Temp],dEquipos[Nombre Equipo],"",0) -> ANGRYPIG | G36: =+dJugadorEquipo[[#This Row],[Temporada]]&":"&dJugadorEquipo[[#This Row],[Equipo]] -> 2025:1 | H36: =+_xlfn.XLOOKUP(dJugadorEquipo[[#This Row],[Equipo:Temp]],dEquipos[Equipo:Temp],dEquipos[Nombre Equipo],"",0) -> ANGRYPIG
A37: 2025 | B37: José Pablo Guil | D37: 1 | E37: =+_xlfn.XLOOKUP(dJugadorEquipo[[#This Row],[Jugador]],dJugador[Nombre],dJugador[Mote],"",0) -> JP | F37: =+_xlfn.XLOOKUP(dJugadorEquipo[[#This Row],[Equipo:Temp]],dEquipos[Equipo:Temp],dEquipos[Nombre Equipo],"",0) -> ANGRYPIG | G37: =+dJugadorEquipo[[#This Row],[Temporada]]&":"&dJugadorEquipo[[#This Row],[Equipo]] -> 2025:1 | H37: =+_xlfn.XLOOKUP(dJugadorEquipo[[#This Row],[Equipo:Temp]],dEquipos[Equipo:Temp],dEquipos[Nombre Equipo],"",0) -> ANGRYPIG
A38: 2025 | B38: Javier Gonzalez Salvador | D38: 1 | E38: =+_xlfn.XLOOKUP(dJugadorEquipo[[#This Row],[Jugador]],dJugador[Nombre],dJugador[Mote],"",0) -> Javi | F38: =+_xlfn.XLOOKUP(dJugadorEquipo[[#This Row],[Equipo:Temp]],dEquipos[Equipo:Temp],dEquipos[Nombre Equipo],"",0) -> ANGRYPIG | G38: =+dJugadorEquipo[[#This Row],[Temporada]]&":"&dJugadorEquipo[[#This Row],[Equipo]] -> 2025:1 | H38: =+_xlfn.XLOOKUP(dJugadorEquipo[[#This Row],[Equipo:Temp]],dEquipos[Equipo:Temp],dEquipos[Nombre Equipo],"",0) -> ANGRYPIG
A39: 2025 | B39: Miche Lopez | D39: 1 | E39: =+_xlfn.XLOOKUP(dJugadorEquipo[[#This Row],[Jugador]],dJugador[Nombre],dJugador[Mote],"",0) -> Miche | F39: =+_xlfn.XLOOKUP(dJugadorEquipo[[#This Row],[Equipo:Temp]],dEquipos[Equipo:Temp],dEquipos[Nombre Equipo],"",0) -> ANGRYPIG | G39: =+dJugadorEquipo[[#This Row],[Temporada]]&":"&dJugadorEquipo[[#This Row],[Equipo]] -> 2025:1 | H39: =+_xlfn.XLOOKUP(dJugadorEquipo[[#This Row],[Equipo:Temp]],dEquipos[Equipo:Temp],dEquipos[Nombre Equipo],"",0) -> ANGRYPIG
A40: 2025 | B40: Alejandro Arcos | D40: 2 | E40: =+_xlfn.XLOOKUP(dJugadorEquipo[[#This Row],[Jugador]],dJugador[Nombre],dJugador[Mote],"",0) -> Alex | F40: =+_xlfn.XLOOKUP(dJugadorEquipo[[#This Row],[Equipo:Temp]],dEquipos[Equipo:Temp],dEquipos[Nombre Equipo],"",0) -> AVE FENIX | G40: =+dJugadorEquipo[[#This Row],[Temporada]]&":"&dJugadorEquipo[[#This Row],[Equipo]] -> 2025:2 | H40: =+_xlfn.XLOOKUP(dJugadorEquipo[[#This Row],[Equipo:Temp]],dEquipos[Equipo:Temp],dEquipos[Nombre Equipo],"",0) -> AVE FENIX
A41: 2025 | B41: Enrique Gonzalez R | D41: 2 | E41: =+_xlfn.XLOOKUP(dJugadorEquipo[[#This Row],[Jugador]],dJugador[Nombre],dJugador[Mote],"",0) -> Enrique | F41: =+_xlfn.XLOOKUP(dJugadorEquipo[[#This Row],[Equipo:Temp]],dEquipos[Equipo:Temp],dEquipos[Nombre Equipo],"",0) -> AVE FENIX | G41: =+dJugadorEquipo[[#This Row],[Temporada]]&":"&dJugadorEquipo[[#This Row],[Equipo]] -> 2025:2 | H41: =+_xlfn.XLOOKUP(dJugadorEquipo[[#This Row],[Equipo:Temp]],dEquipos[Equipo:Temp],dEquipos[Nombre Equipo],"",0) -> AVE FENIX
A42: 2025 | B42: Franck Benouniche | D42: 2 | E42: =+_xlfn.XLOOKUP(dJugadorEquipo[[#This Row],[Jugador]],dJugador[Nombre],dJugador[Mote],"",0) -> Franck | F42: =+_xlfn.XLOOKUP(dJugadorEquipo[[#This Row],[Equipo:Temp]],dEquipos[Equipo:Temp],dEquipos[Nombre Equipo],"",0) -> AVE FENIX | G42: =+dJugadorEquipo[[#This Row],[Temporada]]&":"&dJugadorEquipo[[#This Row],[Equipo]] -> 2025:2 | H42: =+_xlfn.XLOOKUP(dJugadorEquipo[[#This Row],[Equipo:Temp]],dEquipos[Equipo:Temp],dEquipos[Nombre Equipo],"",0) -> AVE FENIX
A43: 2025 | B43: J. Enrique Gonzalez | D43: 2 | E43: =+_xlfn.XLOOKUP(dJugadorEquipo[[#This Row],[Jugador]],dJugador[Nombre],dJugador[Mote],"",0) -> Kike | F43: =+_xlfn.XLOOKUP(dJugadorEquipo[[#This Row],[Equipo:Temp]],dEquipos[Equipo:Temp],dEquipos[Nombre Equipo],"",0) -> AVE FENIX | G43: =+dJugadorEquipo[[#This Row],[Temporada]]&":"&dJugadorEquipo[[#This Row],[Equipo]] -> 2025:2 | H43: =+_xlfn.XLOOKUP(dJugadorEquipo[[#This Row],[Equipo:Temp]],dEquipos[Equipo:Temp],dEquipos[Nombre Equipo],"",0) -> AVE FENIX
A44: 2025 | B44: Javier Lopez Gullón | D44: 2 | E44: =+_xlfn.XLOOKUP(dJugadorEquipo[[#This Row],[Jugador]],dJugador[Nombre],dJugador[Mote],"",0) -> Cuñao | F44: =+_xlfn.XLOOKUP(dJugadorEquipo[[#This Row],[Equipo:Temp]],dEquipos[Equipo:Temp],dEquipos[Nombre Equipo],"",0) -> AVE FENIX | G44: =+dJugadorEquipo[[#This Row],[Temporada]]&":"&dJugadorEquipo[[#This Row],[Equipo]] -> 2025:2 | H44: =+_xlfn.XLOOKUP(dJugadorEquipo[[#This Row],[Equipo:Temp]],dEquipos[Equipo:Temp],dEquipos[Nombre Equipo],"",0) -> AVE FENIX
A45: 2025 | B45: Angel Hernandez | D45: 3 | E45: =+_xlfn.XLOOKUP(dJugadorEquipo[[#This Row],[Jugador]],dJugador[Nombre],dJugador[Mote],"",0) -> Angel | F45: =+_xlfn.XLOOKUP(dJugadorEquipo[[#This Row],[Equipo:Temp]],dEquipos[Equipo:Temp],dEquipos[Nombre Equipo],"",0) -> CONDOR GC | G45: =+dJugadorEquipo[[#This Row],[Temporada]]&":"&dJugadorEquipo[[#This Row],[Equipo]] -> 2025:3 | H45: =+_xlfn.XLOOKUP(dJugadorEquipo[[#This Row],[Equipo:Temp]],dEquipos[Equipo:Temp],dEquipos[Nombre Equipo],"",0) -> CONDOR GC
A46: 2025 | B46: Francisco Hidalgo | D46: 3 | E46: =+_xlfn.XLOOKUP(dJugadorEquipo[[#This Row],[Jugador]],dJugador[Nombre],dJugador[Mote],"",0) -> Fran | F46: =+_xlfn.XLOOKUP(dJugadorEquipo[[#This Row],[Equipo:Temp]],dEquipos[Equipo:Temp],dEquipos[Nombre Equipo],"",0) -> CONDOR GC | G46: =+dJugadorEquipo[[#This Row],[Temporada]]&":"&dJugadorEquipo[[#This Row],[Equipo]] -> 2025:3 | H46: =+_xlfn.XLOOKUP(dJugadorEquipo[[#This Row],[Equipo:Temp]],dEquipos[Equipo:Temp],dEquipos[Nombre Equipo],"",0) -> CONDOR GC
A47: 2025 | B47: Eduardo Buendía | D47: 3 | E47: =+_xlfn.XLOOKUP(dJugadorEquipo[[#This Row],[Jugador]],dJugador[Nombre],dJugador[Mote],"",0) -> Eduardo | F47: =+_xlfn.XLOOKUP(dJugadorEquipo[[#This Row],[Equipo:Temp]],dEquipos[Equipo:Temp],dEquipos[Nombre Equipo],"",0) -> CONDOR GC | G47: =+dJugadorEquipo[[#This Row],[Temporada]]&":"&dJugadorEquipo[[#This Row],[Equipo]] -> 2025:3 | H47: =+_xlfn.XLOOKUP(dJugadorEquipo[[#This Row],[Equipo:Temp]],dEquipos[Equipo:Temp],dEquipos[Nombre Equipo],"",0) -> CONDOR GC
... A73: 2025 | B73: Santi Diaz | D73: 9 | E73: =+_xlfn.XLOOKUP(dJugadorEquipo[[#This Row],[Jugador]],dJugador[Nombre],dJugador[Mote],"",0) -> Santi | F73: =+_xlfn.XLOOKUP(dJugadorEquipo[[#This Row],[Equipo:Temp]],dEquipos[Equipo:Temp],dEquipos[Nombre Equipo],"",0) -> THE ARCHERS | G73: =+dJugadorEquipo[[#This Row],[Temporada]]&":"&dJugadorEquipo[[#This Row],[Equipo]] -> 2025:9 | H73: =+_xlfn.XLOOKUP(dJugadorEquipo[[#This Row],[Equipo:Temp]],dEquipos[Equipo:Temp],dEquipos[Nombre Equipo],"",0) -> THE ARCHERS
A74: 2026 | B74: Franck Benouniche | E74: =+_xlfn.XLOOKUP(dJugadorEquipo[[#This Row],[Jugador]],dJugador[Nombre],dJugador[Mote],"",0) -> Franck | F74: =+_xlfn.XLOOKUP(dJugadorEquipo[[#This Row],[Equipo:Temp]],dEquipos[Equipo:Temp],dEquipos[Nombre Equipo],"",0) | G74: =+dJugadorEquipo[[#This Row],[Temporada]]&":"&dJugadorEquipo[[#This Row],[Equipo]] -> 2026: | H74: =+_xlfn.XLOOKUP(dJugadorEquipo[[#This Row],[Equipo:Temp]],dEquipos[Equipo:Temp],dEquipos[Nombre Equipo],"",0)
A75: 2026 | B75: Juan Sanz | E75: =+_xlfn.XLOOKUP(dJugadorEquipo[[#This Row],[Jugador]],dJugador[Nombre],dJugador[Mote],"",0) -> JuanSanz | F75: =+_xlfn.XLOOKUP(dJugadorEquipo[[#This Row],[Equipo:Temp]],dEquipos[Equipo:Temp],dEquipos[Nombre Equipo],"",0) | G75: =+dJugadorEquipo[[#This Row],[Temporada]]&":"&dJugadorEquipo[[#This Row],[Equipo]] -> 2026: | H75: =+_xlfn.XLOOKUP(dJugadorEquipo[[#This Row],[Equipo:Temp]],dEquipos[Equipo:Temp],dEquipos[Nombre Equipo],"",0)
A76: 2026 | B76: Jaime de la Cal | E76: =+_xlfn.XLOOKUP(dJugadorEquipo[[#This Row],[Jugador]],dJugador[Nombre],dJugador[Mote],"",0) -> Jaime | F76: =+_xlfn.XLOOKUP(dJugadorEquipo[[#This Row],[Equipo:Temp]],dEquipos[Equipo:Temp],dEquipos[Nombre Equipo],"",0) | G76: =+dJugadorEquipo[[#This Row],[Temporada]]&":"&dJugadorEquipo[[#This Row],[Equipo]] -> 2026: | H76: =+_xlfn.XLOOKUP(dJugadorEquipo[[#This Row],[Equipo:Temp]],dEquipos[Equipo:Temp],dEquipos[Nombre Equipo],"",0)
A77: 2026 | B77: Alejandro Arcos | D77: 1 | E77: =+_xlfn.XLOOKUP(dJugadorEquipo[[#This Row],[Jugador]],dJugador[Nombre],dJugador[Mote],"",0) -> Alex | F77: =+_xlfn.XLOOKUP(dJugadorEquipo[[#This Row],[Equipo:Temp]],dEquipos[Equipo:Temp],dEquipos[Nombre Equipo],"",0) -> CERDOS ARQUEROS | G77: =+dJugadorEquipo[[#This Row],[Temporada]]&":"&dJugadorEquipo[[#This Row],[Equipo]] -> 2026:1 | H77: =+_xlfn.XLOOKUP(dJugadorEquipo[[#This Row],[Equipo:Temp]],dEquipos[Equipo:Temp],dEquipos[Nombre Equipo],"",0) -> CERDOS ARQUEROS
A78: 2026 | B78: Nacho Gonzalez | D78: 1 | E78: =+_xlfn.XLOOKUP(dJugadorEquipo[[#This Row],[Jugador]],dJugador[Nombre],dJugador[Mote],"",0) -> Nacho | F78: =+_xlfn.XLOOKUP(dJugadorEquipo[[#This Row],[Equipo:Temp]],dEquipos[Equipo:Temp],dEquipos[Nombre Equipo],"",0) -> CERDOS ARQUEROS | G78: =+dJugadorEquipo[[#This Row],[Temporada]]&":"&dJugadorEquipo[[#This Row],[Equipo]] -> 2026:1 | H78: =+_xlfn.XLOOKUP(dJugadorEquipo[[#This Row],[Equipo:Temp]],dEquipos[Equipo:Temp],dEquipos[Nombre Equipo],"",0) -> CERDOS ARQUEROS
A79: 2026 | B79: David Sequera | D79: 1 | E79: =+_xlfn.XLOOKUP(dJugadorEquipo[[#This Row],[Jugador]],dJugador[Nombre],dJugador[Mote],"",0) -> David | F79: =+_xlfn.XLOOKUP(dJugadorEquipo[[#This Row],[Equipo:Temp]],dEquipos[Equipo:Temp],dEquipos[Nombre Equipo],"",0) -> CERDOS ARQUEROS | G79: =+dJugadorEquipo[[#This Row],[Temporada]]&":"&dJugadorEquipo[[#This Row],[Equipo]] -> 2026:1 | H79: =+_xlfn.XLOOKUP(dJugadorEquipo[[#This Row],[Equipo:Temp]],dEquipos[Equipo:Temp],dEquipos[Nombre Equipo],"",0) -> CERDOS ARQUEROS
A80: 2026 | B80: Javier Arcos | D80: 1 | E80: =+_xlfn.XLOOKUP(dJugadorEquipo[[#This Row],[Jugador]],dJugador[Nombre],dJugador[Mote],"",0) -> J.Arcos | F80: =+_xlfn.XLOOKUP(dJugadorEquipo[[#This Row],[Equipo:Temp]],dEquipos[Equipo:Temp],dEquipos[Nombre Equipo],"",0) -> CERDOS ARQUEROS | G80: =+dJugadorEquipo[[#This Row],[Temporada]]&":"&dJugadorEquipo[[#This Row],[Equipo]] -> 2026:1 | H80: =+_xlfn.XLOOKUP(dJugadorEquipo[[#This Row],[Equipo:Temp]],dEquipos[Equipo:Temp],dEquipos[Nombre Equipo],"",0) -> CERDOS ARQUEROS
A81: 2026 | B81: Eduardo Buendía | D81: 1 | E81: =+_xlfn.XLOOKUP(dJugadorEquipo[[#This Row],[Jugador]],dJugador[Nombre],dJugador[Mote],"",0) -> Eduardo | F81: =+_xlfn.XLOOKUP(dJugadorEquipo[[#This Row],[Equipo:Temp]],dEquipos[Equipo:Temp],dEquipos[Nombre Equipo],"",0) -> CERDOS ARQUEROS | G81: =+dJugadorEquipo[[#This Row],[Temporada]]&":"&dJugadorEquipo[[#This Row],[Equipo]] -> 2026:1 | H81: =+_xlfn.XLOOKUP(dJugadorEquipo[[#This Row],[Equipo:Temp]],dEquipos[Equipo:Temp],dEquipos[Nombre Equipo],"",0) -> CERDOS ARQUEROS
A82: 2026 | B82: Alvaro Aguirre | D82: 2 | E82: =+_xlfn.XLOOKUP(dJugadorEquipo[[#This Row],[Jugador]],dJugador[Nombre],dJugador[Mote],"",0) -> Gifu | F82: =+_xlfn.XLOOKUP(dJugadorEquipo[[#This Row],[Equipo:Temp]],dEquipos[Equipo:Temp],dEquipos[Nombre Equipo],"",0) -> LA ORDEN DEL SWING SAGRADO | G82: =+dJugadorEquipo[[#This Row],[Temporada]]&":"&dJugadorEquipo[[#This Row],[Equipo]] -> 2026:2 | H82: =+_xlfn.XLOOKUP(dJugadorEquipo[[#This Row],[Equipo:Temp]],dEquipos[Equipo:Temp],dEquipos[Nombre Equipo],"",0) -> LA ORDEN DEL SWING SAGRADO
A83: 2026 | B83: Nacho Casas | D83: 2 | E83: =+_xlfn.XLOOKUP(dJugadorEquipo[[#This Row],[Jugador]],dJugador[Nombre],dJugador[Mote],"",0) -> Nachete | F83: =+_xlfn.XLOOKUP(dJugadorEquipo[[#This Row],[Equipo:Temp]],dEquipos[Equipo:Temp],dEquipos[Nombre Equipo],"",0) -> LA ORDEN DEL SWING SAGRADO | G83: =+dJugadorEquipo[[#This Row],[Temporada]]&":"&dJugadorEquipo[[#This Row],[Equipo]] -> 2026:2 | H83: =+_xlfn.XLOOKUP(dJugadorEquipo[[#This Row],[Equipo:Temp]],dEquipos[Equipo:Temp],dEquipos[Nombre Equipo],"",0) -> LA ORDEN DEL SWING SAGRADO
A84: 2026 | B84: Alvaro Montoya | D84: 2 | E84: =+_xlfn.XLOOKUP(dJugadorEquipo[[#This Row],[Jugador]],dJugador[Nombre],dJugador[Mote],"",0) -> Monti | F84: =+_xlfn.XLOOKUP(dJugadorEquipo[[#This Row],[Equipo:Temp]],dEquipos[Equipo:Temp],dEquipos[Nombre Equipo],"",0) -> LA ORDEN DEL SWING SAGRADO | G84: =+dJugadorEquipo[[#This Row],[Temporada]]&":"&dJugadorEquipo[[#This Row],[Equipo]] -> 2026:2 | H84: =+_xlfn.XLOOKUP(dJugadorEquipo[[#This Row],[Equipo:Temp]],dEquipos[Equipo:Temp],dEquipos[Nombre Equipo],"",0) -> LA ORDEN DEL SWING SAGRADO
A85: 2026 | B85: Javier Chiralt | D85: 2 | E85: =+_xlfn.XLOOKUP(dJugadorEquipo[[#This Row],[Jugador]],dJugador[Nombre],dJugador[Mote],"",0) -> Chiralt | F85: =+_xlfn.XLOOKUP(dJugadorEquipo[[#This Row],[Equipo:Temp]],dEquipos[Equipo:Temp],dEquipos[Nombre Equipo],"",0) -> LA ORDEN DEL SWING SAGRADO | G85: =+dJugadorEquipo[[#This Row],[Temporada]]&":"&dJugadorEquipo[[#This Row],[Equipo]] -> 2026:2 | H85: =+_xlfn.XLOOKUP(dJugadorEquipo[[#This Row],[Equipo:Temp]],dEquipos[Equipo:Temp],dEquipos[Nombre Equipo],"",0) -> LA ORDEN DEL SWING SAGRADO
A86: 2026 | B86: Ruslan Kochman | D86: 2 | E86: =+_xlfn.XLOOKUP(dJugadorEquipo[[#This Row],[Jugador]],dJugador[Nombre],dJugador[Mote],"",0) -> Rus | F86: =+_xlfn.XLOOKUP(dJugadorEquipo[[#This Row],[Equipo:Temp]],dEquipos[Equipo:Temp],dEquipos[Nombre Equipo],"",0) -> LA ORDEN DEL SWING SAGRADO | G86: =+dJugadorEquipo[[#This Row],[Temporada]]&":"&dJugadorEquipo[[#This Row],[Equipo]] -> 2026:2 | H86: =+_xlfn.XLOOKUP(dJugadorEquipo[[#This Row],[Equipo:Temp]],dEquipos[Equipo:Temp],dEquipos[Nombre Equipo],"",0) -> LA ORDEN DEL SWING SAGRADO
A87: 2026 | B87: Antonio Carmona | D87: 3 | E87: =+_xlfn.XLOOKUP(dJugadorEquipo[[#This Row],[Jugador]],dJugador[Nombre],dJugador[Mote],"",0) -> Antonio | F87: =+_xlfn.XLOOKUP(dJugadorEquipo[[#This Row],[Equipo:Temp]],dEquipos[Equipo:Temp],dEquipos[Nombre Equipo],"",0) -> LOS GUARDIANES DEL DATÁFONO | G87: =+dJugadorEquipo[[#This Row],[Temporada]]&":"&dJugadorEquipo[[#This Row],[Equipo]] -> 2026:3 | H87: =+_xlfn.XLOOKUP(dJugadorEquipo[[#This Row],[Equipo:Temp]],dEquipos[Equipo:Temp],dEquipos[Nombre Equipo],"",0) -> LOS GUARDIANES DEL DATÁFONO
A88: 2026 | B88: GLEZ JUAN JOSÉ | D88: 3 | E88: =+_xlfn.XLOOKUP(dJugadorEquipo[[#This Row],[Jugador]],dJugador[Nombre],dJugador[Mote],"",0) -> Juanjo | F88: =+_xlfn.XLOOKUP(dJugadorEquipo[[#This Row],[Equipo:Temp]],dEquipos[Equipo:Temp],dEquipos[Nombre Equipo],"",0) -> LOS GUARDIANES DEL DATÁFONO | G88: =+dJugadorEquipo[[#This Row],[Temporada]]&":"&dJugadorEquipo[[#This Row],[Equipo]] -> 2026:3 | H88: =+_xlfn.XLOOKUP(dJugadorEquipo[[#This Row],[Equipo:Temp]],dEquipos[Equipo:Temp],dEquipos[Nombre Equipo],"",0) -> LOS GUARDIANES DEL DATÁFONO
... A116: 2026 | B116: Nicolas Sequera | D116: 1 | E116: =+_xlfn.XLOOKUP(dJugadorEquipo[[#This Row],[Jugador]],dJugador[Nombre],dJugador[Mote],"",0) -> Nico | F116: =+_xlfn.XLOOKUP(dJugadorEquipo[[#This Row],[Equipo:Temp]],dEquipos[Equipo:Temp],dEquipos[Nombre Equipo],"",0) -> CERDOS ARQUEROS | G116: =+dJugadorEquipo[[#This Row],[Temporada]]&":"&dJugadorEquipo[[#This Row],[Equipo]] -> 2026:1 | H116: =+_xlfn.XLOOKUP(dJugadorEquipo[[#This Row],[Equipo:Temp]],dEquipos[Equipo:Temp],dEquipos[Nombre Equipo],"",0) -> CERDOS ARQUEROS

Sheet Jugadores por Liga CSC
A1: Temporada | B1: Jugador | C1: Mote | D1: Liga CSC | E1: NombreLiga | F1: Liga:Temp
A2: 2025 | B2: Angel Santana | C2: A.Santana | D2: 1 | E2: =+_xlfn.XLOOKUP(Tabla28[[#This Row],[Liga:Temp]],Tabla29[Temp:Código],Tabla29[Abreviado],"",0) -> FINDE | F2: =+Tabla28[[#This Row],[Temporada]]&":"&Tabla28[[#This Row],[Liga CSC]] -> 2025:1
A3: 2025 | B3: Alejandro Arcos | C3: Alex | D3: 1 | E3: =+_xlfn.XLOOKUP(Tabla28[[#This Row],[Liga:Temp]],Tabla29[Temp:Código],Tabla29[Abreviado],"",0) -> FINDE | F3: =+Tabla28[[#This Row],[Temporada]]&":"&Tabla28[[#This Row],[Liga CSC]] -> 2025:1
A4: 2025 | B4: Alfonso Hidalgo | C4: Alfonso | D4: 2 | E4: =+_xlfn.XLOOKUP(Tabla28[[#This Row],[Liga:Temp]],Tabla29[Temp:Código],Tabla29[Abreviado],"",0) -> LABOR | F4: =+Tabla28[[#This Row],[Temporada]]&":"&Tabla28[[#This Row],[Liga CSC]] -> 2025:2
A5: 2025 | B5: Alvaro Nieto | C5: Alvaro | D5: 1 | E5: =+_xlfn.XLOOKUP(Tabla28[[#This Row],[Liga:Temp]],Tabla29[Temp:Código],Tabla29[Abreviado],"",0) -> FINDE | F5: =+Tabla28[[#This Row],[Temporada]]&":"&Tabla28[[#This Row],[Liga CSC]] -> 2025:1
A6: 2025 | B6: Angel Hernandez | C6: Angel | D6: 1 | E6: =+_xlfn.XLOOKUP(Tabla28[[#This Row],[Liga:Temp]],Tabla29[Temp:Código],Tabla29[Abreviado],"",0) -> FINDE | F6: =+Tabla28[[#This Row],[Temporada]]&":"&Tabla28[[#This Row],[Liga CSC]] -> 2025:1
A7: 2025 | B7: Antonio Carmona | C7: Antonio | D7: 2 | E7: =+_xlfn.XLOOKUP(Tabla28[[#This Row],[Liga:Temp]],Tabla29[Temp:Código],Tabla29[Abreviado],"",0) -> LABOR | F7: =+Tabla28[[#This Row],[Temporada]]&":"&Tabla28[[#This Row],[Liga CSC]] -> 2025:2
A8: 2025 | B8: Carlos Maestro | C8: Carlitos | D8: 2 | E8: =+_xlfn.XLOOKUP(Tabla28[[#This Row],[Liga:Temp]],Tabla29[Temp:Código],Tabla29[Abreviado],"",0) -> LABOR | F8: =+Tabla28[[#This Row],[Temporada]]&":"&Tabla28[[#This Row],[Liga CSC]] -> 2025:2
A9: 2025 | B9: Javier Chiralt | C9: Chiralt | D9: 2 | E9: =+_xlfn.XLOOKUP(Tabla28[[#This Row],[Liga:Temp]],Tabla29[Temp:Código],Tabla29[Abreviado],"",0) -> LABOR | F9: =+Tabla28[[#This Row],[Temporada]]&":"&Tabla28[[#This Row],[Liga CSC]] -> 2025:2
A10: 2025 | B10: Javier Lopez Gullón | C10: Cuñao | D10: 1 | E10: =+_xlfn.XLOOKUP(Tabla28[[#This Row],[Liga:Temp]],Tabla29[Temp:Código],Tabla29[Abreviado],"",0) -> FINDE | F10: =+Tabla28[[#This Row],[Temporada]]&":"&Tabla28[[#This Row],[Liga CSC]] -> 2025:1
A11: 2025 | B11: David Sequera | C11: David | D11: 2 | E11: =+_xlfn.XLOOKUP(Tabla28[[#This Row],[Liga:Temp]],Tabla29[Temp:Código],Tabla29[Abreviado],"",0) -> LABOR | F11: =+Tabla28[[#This Row],[Temporada]]&":"&Tabla28[[#This Row],[Liga CSC]] -> 2025:2
A12: 2025 | B12: Eduardo Buendía | C12: Eduardo | D12: 2 | E12: =+_xlfn.XLOOKUP(Tabla28[[#This Row],[Liga:Temp]],Tabla29[Temp:Código],Tabla29[Abreviado],"",0) -> LABOR | F12: =+Tabla28[[#This Row],[Temporada]]&":"&Tabla28[[#This Row],[Liga CSC]] -> 2025:2
A13: 2025 | B13: Enrique Gonzalez R | C13: Enrique | D13: 1 | E13: =+_xlfn.XLOOKUP(Tabla28[[#This Row],[Liga:Temp]],Tabla29[Temp:Código],Tabla29[Abreviado],"",0) -> FINDE | F13: =+Tabla28[[#This Row],[Temporada]]&":"&Tabla28[[#This Row],[Liga CSC]] -> 2025:1
... A39: 2025 | B39: Javier Cervera | C39: Virus | D39: 1 | E39: =+_xlfn.XLOOKUP(Tabla28[[#This Row],[Liga:Temp]],Tabla29[Temp:Código],Tabla29[Abreviado],"",0) -> FINDE | F39: =+Tabla28[[#This Row],[Temporada]]&":"&Tabla28[[#This Row],[Liga CSC]] -> 2025:1

Sheet Ligas CSC
A1: Temporada | B1: Código | C1: Nombre | D1: Temp:Código | E1: Abreviado
A2: 2025 | B2: 1 | C2: CSC Fin de semana | D2: =+Tabla29[[#This Row],[Temporada]]&":"&Tabla29[[#This Row],[Código]] -> 2025:1 | E2: FINDE
A3: 2025 | B3: 2 | C3: CSC Entre semana | D3: =+Tabla29[[#This Row],[Temporada]]&":"&Tabla29[[#This Row],[Código]] -> 2025:2 | E3: LABOR

Sheet Transferibles 2025
G1: NºEqu | H1: Equipo | I1: Jugador | J1: RKEquipo | K1: Partidos | L1: Hdcp | M1: Estado | N1: Columna1 | X1: =+COUNT($S$3:$S$21)+1 -> 20
G2: 1 | H2: ANGRYPIG | I2: Javi 🪱 | J2: 2 | K2: 7 | L2: 19.3 | M2: MT | N2: =+Tabla26[[#This Row],[NºEqu]]&":"&Tabla26[[#This Row],[RKEquipo]] -> 1:2 | Q2: Jugador | R2: Hdcp | S2: Neq | T2: Equipo | U2: Pos | W2: En reunión | X2: Orden1 | Y2: Orden2 | Z2: Nº | AA2: EQUIPOS 2025 | AB2: 1 | AC2: 2 | AD2: 3 | AE2: 4 | AF2: 5
G3: 1 | H3: ANGRYPIG | I3: JP ✈️ | J3: 1 | K3: 8 | L3: 7 | M3: MT | N3: =+Tabla26[[#This Row],[NºEqu]]&":"&Tabla26[[#This Row],[RKEquipo]] -> 1:1 | Q3: Alex 🦐 | R3: 1.2 | S3: 2 | T3: =+_xlfn.XLOOKUP(S3,$Z$3:$Z$11,$AA$3:$AA$11,"",0) -> AVE FENIX | U3: =IF(T3="","",+COUNTIF(T$2:T4,T3)+2) -> 3 | X3: 7 | Y3: 12 | Z3: 1 | AA3: ANGRYPIG | AB3: =_xlfn.XLOOKUP(+$Z3&":"&AB$2,Tabla26[Columna1],Tabla26[Jugador],"",0) -> JP ✈️ | AC3: =_xlfn.XLOOKUP(+$Z3&":"&AC$2,Tabla26[Columna1],Tabla26[Jugador],"",0) -> Javi 🪱 | AD3: =_xlfn.XLOOKUP(+$Z3&":"&AD$2,Tabla26[Columna1],Tabla26[Jugador],"",0) -> Miche 🐲 | AE3: =_xlfn.XLOOKUP(+$Z3&":"&AE$2,Tabla26[Columna1],Tabla26[Jugador],"",0) -> Carlitos 🔥 | AF3: =_xlfn.XLOOKUP(+$Z3&":"&AF$2,Tabla26[Columna1],Tabla26[Jugador],"",0)
G4: 2 | H4: AVE FENIX | I4: Enrique 🚵‍♂ | J4: 1 | K4: 9 | L4: 13.5 | M4: MT | N4: =+Tabla26[[#This Row],[NºEqu]]&":"&Tabla26[[#This Row],[RKEquipo]] -> 2:1 | Q4: Angel 🏆 | R4: 8.7 | S4: 3 | T4: =+_xlfn.XLOOKUP(S4,$Z$3:$Z$11,$AA$3:$AA$11,"",0) -> CONDOR GC | U4: =IF(T4="","",+COUNTIF(T$3:T4,T4)+2) -> 3 | X4: 1 | Y4: 18 | Z4: 2 | AA4: AVE FENIX | AB4: =_xlfn.XLOOKUP(+$Z4&":"&AB$2,Tabla26[Columna1],Tabla26[Jugador],"",0) -> Enrique 🚵‍♂ | AC4: =_xlfn.XLOOKUP(+$Z4&":"&AC$2,Tabla26[Columna1],Tabla26[Jugador],"",0) -> Kike 💀 | AD4: =_xlfn.XLOOKUP(+$Z4&":"&AD$2,Tabla26[Columna1],Tabla26[Jugador],"",0) -> Alex 🦐 | AE4: =_xlfn.XLOOKUP(+$Z4&":"&AE$2,Tabla26[Columna1],Tabla26[Jugador],"",0) -> Cuñao 👨🏻‍⚖️ | AF4: =_xlfn.XLOOKUP(+$Z4&":"&AF$2,Tabla26[Columna1],Tabla26[Jugador],"",0) -> Franck 🏹
G5: 2 | H5: AVE FENIX | I5: Kike 💀 | J5: 2 | K5: 5 | L5: 19.6 | M5: MT | N5: =+Tabla26[[#This Row],[NºEqu]]&":"&Tabla26[[#This Row],[RKEquipo]] -> 2:2 | Q5: David 🐗 | R5: 14.3 | S5: 9 | T5: =+_xlfn.XLOOKUP(S5,$Z$3:$Z$11,$AA$3:$AA$11,"",0) -> THE ARCHERS | U5: =IF(T5="","",+COUNTIF(T$3:T5,T5)+2) -> 3 | X5: 9 | Y5: 10 | Z5: 3 | AA5: CONDOR GC | AB5: =_xlfn.XLOOKUP(+$Z5&":"&AB$2,Tabla26[Columna1],Tabla26[Jugador],"",0) -> Eduardo 🐧 | AC5: =_xlfn.XLOOKUP(+$Z5&":"&AC$2,Tabla26[Columna1],Tabla26[Jugador],"",0) -> Jorge | AD5: =_xlfn.XLOOKUP(+$Z5&":"&AD$2,Tabla26[Columna1],Tabla26[Jugador],"",0) -> Angel 🏆 | AE5: =_xlfn.XLOOKUP(+$Z5&":"&AE$2,Tabla26[Columna1],Tabla26[Jugador],"",0) -> Fran ⚓️ | AF5: =_xlfn.XLOOKUP(+$Z5&":"&AF$2,Tabla26[Columna1],Tabla26[Jugador],"",0)
G6: 3 | H6: CONDOR GC | I6: Eduardo 🐧 | J6: 1 | K6: 4 | L6: 8.8 | M6: MT | N6: =+Tabla26[[#This Row],[NºEqu]]&":"&Tabla26[[#This Row],[RKEquipo]] -> 3:1 | Q6: Miche 🐲 | R6: 18.4 | S6: 1 | T6: =+_xlfn.XLOOKUP(S6,$Z$3:$Z$11,$AA$3:$AA$11,"",0) -> ANGRYPIG | U6: =IF(T6="","",+COUNTIF(T$3:T6,T6)+2) -> 3 | X6: 5 | Y6: 14 | Z6: 4 | AA6: CUATREROS GC | AB6: =_xlfn.XLOOKUP(+$Z6&":"&AB$2,Tabla26[Columna1],Tabla26[Jugador],"",0) -> JuanSanz | AC6: =_xlfn.XLOOKUP(+$Z6&":"&AC$2,Tabla26[Columna1],Tabla26[Jugador],"",0) -> A.Santana | AD6: =_xlfn.XLOOKUP(+$Z6&":"&AD$2,Tabla26[Columna1],Tabla26[Jugador],"",0) -> Tom | AE6: =_xlfn.XLOOKUP(+$Z6&":"&AE$2,Tabla26[Columna1],Tabla26[Jugador],"",0) -> Alvaro 🏊 | AF6: =_xlfn.XLOOKUP(+$Z6&":"&AF$2,Tabla26[Columna1],Tabla26[Jugador],"",0)
G7: 3 | H7: CONDOR GC | I7: Jorge | J7: 2 | K7: 10 | L7: 18.6 | M7: MT | N7: =+Tabla26[[#This Row],[NºEqu]]&":"&Tabla26[[#This Row],[RKEquipo]] -> 3:2 | Q7: Monti ⛳ | R7: 8.8 | S7: 5 | T7: =+_xlfn.XLOOKUP(S7,$Z$3:$Z$11,$AA$3:$AA$11,"",0) -> EAGLE MIND | U7: =IF(T7="","",+COUNTIF(T$3:T7,T7)+2) -> 3 | X7: 2 | Y7: 17 | Z7: 5 | AA7: EAGLE MIND | AB7: =_xlfn.XLOOKUP(+$Z7&":"&AB$2,Tabla26[Columna1],Tabla26[Jugador],"",0) -> Gifu 🤓 | AC7: =_xlfn.XLOOKUP(+$Z7&":"&AC$2,Tabla26[Columna1],Tabla26[Jugador],"",0) -> Antonio | AD7: =_xlfn.XLOOKUP(+$Z7&":"&AD$2,Tabla26[Columna1],Tabla26[Jugador],"",0) -> Monti ⛳ | AE7: =_xlfn.XLOOKUP(+$Z7&":"&AE$2,Tabla26[Columna1],Tabla26[Jugador],"",0) -> Chiralt 🍗 | AF7: =_xlfn.XLOOKUP(+$Z7&":"&AF$2,Tabla26[Columna1],Tabla26[Jugador],"",0)
G8: 4 | H8: CUATREROS GC | I8: A.Santana | J8: 2 | K8: 6 | L8: 6.3 | M8: MT | N8: =+Tabla26[[#This Row],[NºEqu]]&":"&Tabla26[[#This Row],[RKEquipo]] -> 4:2 | Q8: Nacho 🖐🏻 | R8: 4.7 | S8: 6 | T8: =+_xlfn.XLOOKUP(S8,$Z$3:$Z$11,$AA$3:$AA$11,"",0) -> KOBRA KAI | U8: =IF(T8="","",+COUNTIF(T$3:T8,T8)+2) -> 3 | X8: 3 | Y8: 16 | Z8: 6 | AA8: KOBRA KAI | AB8: =_xlfn.XLOOKUP(+$Z8&":"&AB$2,Tabla26[Columna1],Tabla26[Jugador],"",0) -> Alfonso 🏌️‍♂️ | AC8: =_xlfn.XLOOKUP(+$Z8&":"&AC$2,Tabla26[Columna1],Tabla26[Jugador],"",0) -> J Antonio | AD8: =_xlfn.XLOOKUP(+$Z8&":"&AD$2,Tabla26[Columna1],Tabla26[Jugador],"",0) -> Nacho 🖐🏻 | AE8: =_xlfn.XLOOKUP(+$Z8&":"&AE$2,Tabla26[Columna1],Tabla26[Jugador],"",0) -> Luis 🫥 | AF8: =_xlfn.XLOOKUP(+$Z8&":"&AF$2,Tabla26[Columna1],Tabla26[Jugador],"",0)
G9: 4 | H9: CUATREROS GC | I9: JuanSanz | J9: 1 | K9: 6 | L9: 16.6 | M9: MT | N9: =+Tabla26[[#This Row],[NºEqu]]&":"&Tabla26[[#This Row],[RKEquipo]] -> 4:1 | Q9: Rus 🧸 | R9: 17.8 | S9: 8 | T9: =+_xlfn.XLOOKUP(S9,$Z$3:$Z$11,$AA$3:$AA$11,"",0) -> RED RHINO | U9: =IF(T9="","",+COUNTIF(T$3:T9,T9)+2) -> 3 | X9: 8 | Y9: 11 | Z9: 7 | AA9: LOS FICJ6 | AB9: =_xlfn.XLOOKUP(+$Z9&":"&AB$2,Tabla26[Columna1],Tabla26[Jugador],"",0) -> Juanjo 🦍 | AC9: =_xlfn.XLOOKUP(+$Z9&":"&AC$2,Tabla26[Columna1],Tabla26[Jugador],"",0) -> Ignacio 😺 | AD9: =_xlfn.XLOOKUP(+$Z9&":"&AD$2,Tabla26[Columna1],Tabla26[Jugador],"",0) -> Virus 🦠 | AE9: =_xlfn.XLOOKUP(+$Z9&":"&AE$2,Tabla26[Columna1],Tabla26[Jugador],"",0) -> Paco 🎸 | AF9: =_xlfn.XLOOKUP(+$Z9&":"&AF$2,Tabla26[Columna1],Tabla26[Jugador],"",0)
G10: 5 | H10: EAGLE MIND | I10: Antonio | J10: 2 | K10: 9 | L10: 18.9 | M10: MT | N10: =+Tabla26[[#This Row],[NºEqu]]&":"&Tabla26[[#This Row],[RKEquipo]] -> 5:2 | Q10: Tom | R10: 13.9 | S10: 4 | T10: =+_xlfn.XLOOKUP(S10,$Z$3:$Z$11,$AA$3:$AA$11,"",0) -> CUATREROS GC | U10: =IF(T10="","",+COUNTIF(T$3:T10,T10)+2) -> 3 | X10: 6 | Y10: 13 | Z10: 8 | AA10: RED RHINO | AB10: =_xlfn.XLOOKUP(+$Z10&":"&AB$2,Tabla26[Columna1],Tabla26[Jugador],"",0) -> Nachete 🐅 | AC10: =_xlfn.XLOOKUP(+$Z10&":"&AC$2,Tabla26[Columna1],Tabla26[Jugador],"",0) -> Juancho 🦎 | AD10: =_xlfn.XLOOKUP(+$Z10&":"&AD$2,Tabla26[Columna1],Tabla26[Jugador],"",0) -> Rus 🧸 | AE10: =_xlfn.XLOOKUP(+$Z10&":"&AE$2,Tabla26[Columna1],Tabla26[Jugador],"",0) -> Joaco | AF10: =_xlfn.XLOOKUP(+$Z10&":"&AF$2,Tabla26[Columna1],Tabla26[Jugador],"",0)
G11: 5 | H11: EAGLE MIND | I11: Gifu 🤓 | J11: 1 | K11: 8 | L11: 6 | M11: MT | N11: =+Tabla26[[#This Row],[NºEqu]]&":"&Tabla26[[#This Row],[RKEquipo]] -> 5:1 | Q11: Virus 🦠 | R11: 18.4 | S11: 7 | T11: =+_xlfn.XLOOKUP(S11,$Z$3:$Z$11,$AA$3:$AA$11,"",0) -> LOS FICJ6 | U11: =IF(T11="","",+COUNTIF(T$3:T11,T11)+2) -> 3 | X11: 4 | Y11: 15 | Z11: 9 | AA11: THE ARCHERS | AB11: =_xlfn.XLOOKUP(+$Z11&":"&AB$2,Tabla26[Columna1],Tabla26[Jugador],"",0) -> J.Arcos 🌵 | AC11: =_xlfn.XLOOKUP(+$Z11&":"&AC$2,Tabla26[Columna1],Tabla26[Jugador],"",0) -> Jesús 🍄 | AD11: =_xlfn.XLOOKUP(+$Z11&":"&AD$2,Tabla26[Columna1],Tabla26[Jugador],"",0) -> David 🐗 | AE11: =_xlfn.XLOOKUP(+$Z11&":"&AE$2,Tabla26[Columna1],Tabla26[Jugador],"",0) -> Santi | AF11: =_xlfn.XLOOKUP(+$Z11&":"&AF$2,Tabla26[Columna1],Tabla26[Jugador],"",0)
G12: 6 | H12: KOBRA KAI | I12: Alfonso 🏌️‍♂️ | J12: 1 | K12: 10 | L12: 12.3 | M12: MT | N12: =+Tabla26[[#This Row],[NºEqu]]&":"&Tabla26[[#This Row],[RKEquipo]] -> 6:1 | Q12: Alvaro 🏊 | R12: 15.2 | S12: 4 | T12: =+_xlfn.XLOOKUP(S12,$Z$3:$Z$11,$AA$3:$AA$11,"",0) -> CUATREROS GC | U12: =IF(T12="","",+COUNTIF(T$3:T12,T12)+2) -> 4
G13: 6 | H13: KOBRA KAI | I13: J Antonio | J13: 2 | K13: 9 | L13: 25.5 | M13: MT | N13: =+Tabla26[[#This Row],[NºEqu]]&":"&Tabla26[[#This Row],[RKEquipo]] -> 6:2 | Q13: Carlitos 🔥 | R13: 1.3 | S13: 1 | T13: =+_xlfn.XLOOKUP(S13,$Z$3:$Z$11,$AA$3:$AA$11,"",0) -> ANGRYPIG | U13: =IF(T13="","",+COUNTIF(T$3:T13,T13)+2) -> 4
G14: 7 | H14: LOS FICJ6 | I14: Ignacio 😺 | J14: 2 | K14: 8 | L14: 6.8 | M14: MT | N14: =+Tabla26[[#This Row],[NºEqu]]&":"&Tabla26[[#This Row],[RKEquipo]] -> 7:2 | Q14: Chiralt 🍗 | R14: 10.6 | S14: 5 | T14: =+_xlfn.XLOOKUP(S14,$Z$3:$Z$11,$AA$3:$AA$11,"",0) -> EAGLE MIND | U14: =IF(T14="","",+COUNTIF(T$3:T14,T14)+2) -> 4
G15: 7 | H15: LOS FICJ6 | I15: Juanjo 🦍 | J15: 1 | K15: 8 | L15: 19.4 | M15: MT | N15: =+Tabla26[[#This Row],[NºEqu]]&":"&Tabla26[[#This Row],[RKEquipo]] -> 7:1 | Q15: Cuñao 👨🏻‍⚖️ | R15: 20.9 | S15: 2 | T15: =+_xlfn.XLOOKUP(S15,$Z$3:$Z$11,$AA$3:$AA$11,"",0) -> AVE FENIX | U15: =IF(T15="","",+COUNTIF(T$3:T15,T15)+2) -> 4 | Z15: Elecc | AA15: Equipo
G16: 8 | H16: RED RHINO | I16: Juancho 🦎 | J16: 2 | K16: 7 | L16: 15.1 | M16: MT | N16: =+Tabla26[[#This Row],[NºEqu]]&":"&Tabla26[[#This Row],[RKEquipo]] -> 8:2 | Q16: Fran ⚓️ | R16: 14.3 | S16: 3 | T16: =+_xlfn.XLOOKUP(S16,$Z$3:$Z$11,$AA$3:$AA$11,"",0) -> CONDOR GC | U16: =IF(T16="","",+COUNTIF(T$3:T16,T16)+2) -> 4 | Z16: 1 | AA16: AVE FENIX
G17: 8 | H17: RED RHINO | I17: Nachete 🐅 | J17: 1 | K17: 7 | L17: 5.2 | M17: MT | N17: =+Tabla26[[#This Row],[NºEqu]]&":"&Tabla26[[#This Row],[RKEquipo]] -> 8:1 | Q17: Franck 🏹 | R17: 15 | S17: 2 | T17: =+_xlfn.XLOOKUP(S17,$Z$3:$Z$11,$AA$3:$AA$11,"",0) -> AVE FENIX | U17: =IF(T17="","",+COUNTIF(T$3:T17,T17)+2) -> 5 | Z17: 2 | AA17: EAGLE MIND
G18: 9 | H18: THE ARCHERS | I18: J.Arcos 🌵 | J18: 1 | K18: 8 | L18: 10.1 | M18: MT | N18: =+Tabla26[[#This Row],[NºEqu]]&":"&Tabla26[[#This Row],[RKEquipo]] -> 9:1 | Q18: Joaco | R18: 20.2 | S18: 8 | T18: =+_xlfn.XLOOKUP(S18,$Z$3:$Z$11,$AA$3:$AA$11,"",0) -> RED RHINO | U18: =IF(T18="","",+COUNTIF(T$3:T18,T18)+2) -> 4 | Z18: 3 | AA18: KOBRA KAI
G19: 9 | H19: THE ARCHERS | I19: Jesús 🍄 | J19: 2 | K19: 8 | L19: 21.9 | M19: MT | N19: =+Tabla26[[#This Row],[NºEqu]]&":"&Tabla26[[#This Row],[RKEquipo]] -> 9:2 | Q19: Luis 🫥 | R19: 10.2 | S19: 6 | T19: =+_xlfn.XLOOKUP(S19,$Z$3:$Z$11,$AA$3:$AA$11,"",0) -> KOBRA KAI | U19: =IF(T19="","",+COUNTIF(T$3:T19,T19)+2) -> 4 | Z19: 4 | AA19: THE ARCHERS
G20: =+_xlfn.XLOOKUP(Tabla26[[#This Row],[Jugador]],$Q$3:$Q$21,$S$3:$S$21,"",0) -> 9 | H20: =+_xlfn.XLOOKUP(Tabla26[[#This Row],[NºEqu]],$G$2:$G$19,$H$2:$H$19,"",0) -> THE ARCHERS | I20: David 🐗 | J20: =+_xlfn.XLOOKUP(Tabla26[[#This Row],[Jugador]],$Q$3:$Q$21,$U$3:$U$21,"",0) -> 3 | K20: 9 | L20: 14.3 | M20: =+IF(Tabla26[[#This Row],[Equipo]]="","TR","ELEG") -> ELEG | N20: =+Tabla26[[#This Row],[NºEqu]]&":"&Tabla26[[#This Row],[RKEquipo]] -> 9:3 | Q20: Paco 🎸 | R20: 15.7 | S20: 7 | T20: =+_xlfn.XLOOKUP(S20,$Z$3:$Z$11,$AA$3:$AA$11,"",0) -> LOS FICJ6 | U20: =IF(T20="","",+COUNTIF(T$3:T20,T20)+2) -> 4 | Z20: 5 | AA20: CUATREROS GC
G21: =+_xlfn.XLOOKUP(Tabla26[[#This Row],[Jugador]],$Q$3:$Q$21,$S$3:$S$21,"",0) -> 1 | H21: =+_xlfn.XLOOKUP(Tabla26[[#This Row],[NºEqu]],$G$2:$G$19,$H$2:$H$19,"",0) -> ANGRYPIG | I21: Miche 🐲 | J21: =+_xlfn.XLOOKUP(Tabla26[[#This Row],[Jugador]],$Q$3:$Q$21,$U$3:$U$21,"",0) -> 3 | K21: 6 | L21: 18.4 | M21: =+IF(Tabla26[[#This Row],[Equipo]]="","TR","ELEG") -> ELEG | N21: =+Tabla26[[#This Row],[NºEqu]]&":"&Tabla26[[#This Row],[RKEquipo]] -> 1:3 | Q21: Santi | R21: 16.4 | S21: 9 | T21: =+_xlfn.XLOOKUP(S21,$Z$3:$Z$11,$AA$3:$AA$11,"",0) -> THE ARCHERS | U21: =IF(T21="","",+COUNTIF(T$3:T21,T21)+2) -> 4 | Z21: 6 | AA21: RED RHINO
G22: =+_xlfn.XLOOKUP(Tabla26[[#This Row],[Jugador]],$Q$3:$Q$21,$S$3:$S$21,"",0) -> 2 | H22: =+_xlfn.XLOOKUP(Tabla26[[#This Row],[NºEqu]],$G$2:$G$19,$H$2:$H$19,"",0) -> AVE FENIX | I22: Cuñao 👨🏻‍⚖️ | J22: =+_xlfn.XLOOKUP(Tabla26[[#This Row],[Jugador]],$Q$3:$Q$21,$U$3:$U$21,"",0) -> 4 | K22: 1 | L22: 20.9 | M22: =+IF(Tabla26[[#This Row],[Equipo]]="","TR","ELEG") -> ELEG | N22: =+Tabla26[[#This Row],[NºEqu]]&":"&Tabla26[[#This Row],[RKEquipo]] -> 2:4 | Z22: 7 | AA22: ANGRYPIG
G23: =+_xlfn.XLOOKUP(Tabla26[[#This Row],[Jugador]],$Q$3:$Q$21,$S$3:$S$21,"",0) -> 6 | H23: =+_xlfn.XLOOKUP(Tabla26[[#This Row],[NºEqu]],$G$2:$G$19,$H$2:$H$19,"",0) -> KOBRA KAI | I23: Nacho 🖐🏻 | J23: =+_xlfn.XLOOKUP(Tabla26[[#This Row],[Jugador]],$Q$3:$Q$21,$U$3:$U$21,"",0) -> 3 | K23: 3 | L23: 4.7 | M23: =+IF(Tabla26[[#This Row],[Equipo]]="","TR","ELEG") -> ELEG | N23: =+Tabla26[[#This Row],[NºEqu]]&":"&Tabla26[[#This Row],[RKEquipo]] -> 6:3 | Z23: 8 | AA23: LOS FICJ6
G24: =+_xlfn.XLOOKUP(Tabla26[[#This Row],[Jugador]],$Q$3:$Q$21,$S$3:$S$21,"",0) -> 3 | H24: =+_xlfn.XLOOKUP(Tabla26[[#This Row],[NºEqu]],$G$2:$G$19,$H$2:$H$19,"",0) -> CONDOR GC | I24: Angel 🏆 | J24: =+_xlfn.XLOOKUP(Tabla26[[#This Row],[Jugador]],$Q$3:$Q$21,$U$3:$U$21,"",0) -> 3 | K24: 8 | L24: 8.7 | M24: =+IF(Tabla26[[#This Row],[Equipo]]="","TR","ELEG") -> ELEG | N24: =+Tabla26[[#This Row],[NºEqu]]&":"&Tabla26[[#This Row],[RKEquipo]] -> 3:3 | Z24: 9 | AA24: CONDOR GC
G25: =+_xlfn.XLOOKUP(Tabla26[[#This Row],[Jugador]],$Q$3:$Q$21,$S$3:$S$21,"",0) -> 5 | H25: =+_xlfn.XLOOKUP(Tabla26[[#This Row],[NºEqu]],$G$2:$G$19,$H$2:$H$19,"",0) -> EAGLE MIND | I25: Monti ⛳ | J25: =+_xlfn.XLOOKUP(Tabla26[[#This Row],[Jugador]],$Q$3:$Q$21,$U$3:$U$21,"",0) -> 3 | K25: 7 | L25: 8.8 | M25: =+IF(Tabla26[[#This Row],[Equipo]]="","TR","ELEG") -> ELEG | N25: =+Tabla26[[#This Row],[NºEqu]]&":"&Tabla26[[#This Row],[RKEquipo]] -> 5:3 | Z25: 10 | AA25: CONDOR GC
G26: =+_xlfn.XLOOKUP(Tabla26[[#This Row],[Jugador]],$Q$3:$Q$21,$S$3:$S$21,"",0) -> 3 | H26: =+_xlfn.XLOOKUP(Tabla26[[#This Row],[NºEqu]],$G$2:$G$19,$H$2:$H$19,"",0) -> CONDOR GC | I26: Fran ⚓️ | J26: =+_xlfn.XLOOKUP(Tabla26[[#This Row],[Jugador]],$Q$3:$Q$21,$U$3:$U$21,"",0) -> 4 | K26: 8 | L26: 14.3 | M26: =+IF(Tabla26[[#This Row],[Equipo]]="","TR","ELEG") -> ELEG | N26: =+Tabla26[[#This Row],[NºEqu]]&":"&Tabla26[[#This Row],[RKEquipo]] -> 3:4 | Z26: 11 | AA26: LOS FICJ6
G27: =+_xlfn.XLOOKUP(Tabla26[[#This Row],[Jugador]],$Q$3:$Q$21,$S$3:$S$21,"",0) -> 7 | H27: =+_xlfn.XLOOKUP(Tabla26[[#This Row],[NºEqu]],$G$2:$G$19,$H$2:$H$19,"",0) -> LOS FICJ6 | I27: Paco 🎸 | J27: =+_xlfn.XLOOKUP(Tabla26[[#This Row],[Jugador]],$Q$3:$Q$21,$U$3:$U$21,"",0) -> 4 | K27: 5 | L27: 15.7 | M27: =+IF(Tabla26[[#This Row],[Equipo]]="","TR","ELEG") -> ELEG | N27: =+Tabla26[[#This Row],[NºEqu]]&":"&Tabla26[[#This Row],[RKEquipo]] -> 7:4 | Z27: 12 | AA27: ANGRYPIG
G28: =+_xlfn.XLOOKUP(Tabla26[[#This Row],[Jugador]],$Q$3:$Q$21,$S$3:$S$21,"",0) -> 1 | H28: =+_xlfn.XLOOKUP(Tabla26[[#This Row],[NºEqu]],$G$2:$G$19,$H$2:$H$19,"",0) -> ANGRYPIG | I28: Carlitos 🔥 | J28: =+_xlfn.XLOOKUP(Tabla26[[#This Row],[Jugador]],$Q$3:$Q$21,$U$3:$U$21,"",0) -> 4 | K28: 3 | L28: 1.3 | M28: =+IF(Tabla26[[#This Row],[Equipo]]="","TR","ELEG") -> ELEG | N28: =+Tabla26[[#This Row],[NºEqu]]&":"&Tabla26[[#This Row],[RKEquipo]] -> 1:4 | Z28: 13 | AA28: RED RHINO
G29: =+_xlfn.XLOOKUP(Tabla26[[#This Row],[Jugador]],$Q$3:$Q$21,$S$3:$S$21,"",0) -> 7 | H29: =+_xlfn.XLOOKUP(Tabla26[[#This Row],[NºEqu]],$G$2:$G$19,$H$2:$H$19,"",0) -> LOS FICJ6 | I29: Virus 🦠 | J29: =+_xlfn.XLOOKUP(Tabla26[[#This Row],[Jugador]],$Q$3:$Q$21,$U$3:$U$21,"",0) -> 3 | K29: 5 | L29: 18.4 | M29: =+IF(Tabla26[[#This Row],[Equipo]]="","TR","ELEG") -> ELEG | N29: =+Tabla26[[#This Row],[NºEqu]]&":"&Tabla26[[#This Row],[RKEquipo]] -> 7:3 | Z29: 14 | AA29: CUATREROS GC
G30: =+_xlfn.XLOOKUP(Tabla26[[#This Row],[Jugador]],$Q$3:$Q$21,$S$3:$S$21,"",0) -> 5 | H30: =+_xlfn.XLOOKUP(Tabla26[[#This Row],[NºEqu]],$G$2:$G$19,$H$2:$H$19,"",0) -> EAGLE MIND | I30: Chiralt 🍗 | J30: =+_xlfn.XLOOKUP(Tabla26[[#This Row],[Jugador]],$Q$3:$Q$21,$U$3:$U$21,"",0) -> 4 | K30: 1 | L30: 10.6 | M30: =+IF(Tabla26[[#This Row],[Equipo]]="","TR","ELEG") -> ELEG | N30: =+Tabla26[[#This Row],[NºEqu]]&":"&Tabla26[[#This Row],[RKEquipo]] -> 5:4 | Z30: 15 | AA30: THE ARCHERS
G31: =+_xlfn.XLOOKUP(Tabla26[[#This Row],[Jugador]],$Q$3:$Q$21,$S$3:$S$21,"",0) -> 2 | H31: =+_xlfn.XLOOKUP(Tabla26[[#This Row],[NºEqu]],$G$2:$G$19,$H$2:$H$19,"",0) -> AVE FENIX | I31: Franck 🏹 | J31: =+_xlfn.XLOOKUP(Tabla26[[#This Row],[Jugador]],$Q$3:$Q$21,$U$3:$U$21,"",0) -> 5 | K31: 1 | L31: 15 | M31: =+IF(Tabla26[[#This Row],[Equipo]]="","TR","ELEG") -> ELEG | N31: =+Tabla26[[#This Row],[NºEqu]]&":"&Tabla26[[#This Row],[RKEquipo]] -> 2:5 | Z31: 16 | AA31: KOBRA KAI
G32: =+_xlfn.XLOOKUP(Tabla26[[#This Row],[Jugador]],$Q$3:$Q$21,$S$3:$S$21,"",0) -> 6 | H32: =+_xlfn.XLOOKUP(Tabla26[[#This Row],[NºEqu]],$G$2:$G$19,$H$2:$H$19,"",0) -> KOBRA KAI | I32: Luis 🫥 | J32: =+_xlfn.XLOOKUP(Tabla26[[#This Row],[Jugador]],$Q$3:$Q$21,$U$3:$U$21,"",0) -> 4 | K32: 6 | L32: 10.2 | M32: =+IF(Tabla26[[#This Row],[Equipo]]="","TR","ELEG") -> ELEG | N32: =+Tabla26[[#This Row],[NºEqu]]&":"&Tabla26[[#This Row],[RKEquipo]] -> 6:4 | Z32: 17 | AA32: EAGLE MIND
G33: =+_xlfn.XLOOKUP(Tabla26[[#This Row],[Jugador]],$Q$3:$Q$21,$S$3:$S$21,"",0) -> 8 | H33: =+_xlfn.XLOOKUP(Tabla26[[#This Row],[NºEqu]],$G$2:$G$19,$H$2:$H$19,"",0) -> RED RHINO | I33: Rus 🧸 | J33: =+_xlfn.XLOOKUP(Tabla26[[#This Row],[Jugador]],$Q$3:$Q$21,$U$3:$U$21,"",0) -> 3 | K33: 6 | L33: 17.8 | M33: =+IF(Tabla26[[#This Row],[Equipo]]="","TR","ELEG") -> ELEG | N33: =+Tabla26[[#This Row],[NºEqu]]&":"&Tabla26[[#This Row],[RKEquipo]] -> 8:3 | Z33: 18 | AA33: AVE FENIX
... G35: =+_xlfn.XLOOKUP(Tabla26[[#This Row],[Jugador]],$Q$3:$Q$21,$S$3:$S$21,"",0) -> 4 | H35: =+_xlfn.XLOOKUP(Tabla26[[#This Row],[NºEqu]],$G$2:$G$19,$H$2:$H$19,"",0) -> CUATREROS GC | I35: Alvaro 🏊 | J35: =+_xlfn.XLOOKUP(Tabla26[[#This Row],[Jugador]],$Q$3:$Q$21,$U$3:$U$21,"",0) -> 4 | K35: 4 | L35: 15.2 | M35: =+IF(Tabla26[[#This Row],[Equipo]]="","TR","ELEG") -> ELEG | N35: =+Tabla26[[#This Row],[NºEqu]]&":"&Tabla26[[#This Row],[RKEquipo]] -> 4:4 | Z35: 20 | AA35: EAGLE MIND
G36: =+_xlfn.XLOOKUP(Tabla26[[#This Row],[Jugador]],$Q$3:$Q$21,$S$3:$S$21,"",0) -> 8 | H36: =+_xlfn.XLOOKUP(Tabla26[[#This Row],[NºEqu]],$G$2:$G$19,$H$2:$H$19,"",0) -> RED RHINO | I36: Joaco | J36: =+_xlfn.XLOOKUP(Tabla26[[#This Row],[Jugador]],$Q$3:$Q$21,$U$3:$U$21,"",0) -> 4 | L36: 20.2 | M36: =+IF(Tabla26[[#This Row],[Equipo]]="","TR","ELEG") -> ELEG | N36: =+Tabla26[[#This Row],[NºEqu]]&":"&Tabla26[[#This Row],[RKEquipo]] -> 8:4 | Z36: 21 | AA36: KOBRA KAI
G37: =+_xlfn.XLOOKUP(Tabla26[[#This Row],[Jugador]],$Q$3:$Q$21,$S$3:$S$21,"",0) -> 9 | H37: =+_xlfn.XLOOKUP(Tabla26[[#This Row],[NºEqu]],$G$2:$G$19,$H$2:$H$19,"",0) -> THE ARCHERS | I37: Santi | J37: =+_xlfn.XLOOKUP(Tabla26[[#This Row],[Jugador]],$Q$3:$Q$21,$U$3:$U$21,"",0) -> 4 | L37: 16.4 | M37: =+IF(Tabla26[[#This Row],[Equipo]]="","TR","ELEG") -> ELEG | N37: =+Tabla26[[#This Row],[NºEqu]]&":"&Tabla26[[#This Row],[RKEquipo]] -> 9:4 | Z37: 22 | AA37: THE ARCHERS
G38: =+_xlfn.XLOOKUP(Tabla26[[#This Row],[Jugador]],$Q$3:$Q$21,$S$3:$S$21,"",0) -> 4 | H38: =+_xlfn.XLOOKUP(Tabla26[[#This Row],[NºEqu]],$G$2:$G$19,$H$2:$H$19,"",0) -> CUATREROS GC | I38: Tom | J38: =+_xlfn.XLOOKUP(Tabla26[[#This Row],[Jugador]],$Q$3:$Q$21,$U$3:$U$21,"",0) -> 3 | L38: 13.9 | M38: =+IF(Tabla26[[#This Row],[Equipo]]="","TR","ELEG") -> ELEG | N38: =+Tabla26[[#This Row],[NºEqu]]&":"&Tabla26[[#This Row],[RKEquipo]] -> 4:3 | Z38: 23 | AA38: CUATREROS GC
Z39: 24 | AA39: RED RHINO
Z40: 25 | AA40: ANGRYPIG
Z41: 26 | AA41: LOS FICJ6
Z42: 27 | AA42: CONDOR GC

Sheet Tipo Torneos
A1: Temporada | B1: TorneoID | C1: Tipo
A2: 2024 | B2: 1 | C2: The Final
A3: 2024 | B3: 2 | C3: Normal
A4: 2024 | B4: 3 | C4: Major
A5: 2024 | B5: 4 | C5: The Final
A6: 2025 | B6: 1 | C6: The Final
A7: 2025 | B7: 2 | C7: Normal
A8: 2025 | B8: 3 | C8: Major
A9: 2025 | B9: 4 | C9: The Final

Sheet Puntos Torneo
A1: Temporada | B1: Rk | C1: 1 | D1: 2 | E1: 3 | F1: 4 | L1: Clasificación | M1: Golpes | N1: vs Primero | P1: Jugador | Q1: Golpes+ | R1: Golpes- | V1: Hoyo | W1: 10 | X1: 11 | Y1: 12 | Z1: 13 | AA1: 14 | AB1: 15
A2: 2024 | B2: 1 | C2: 0 | D2: 500 | E2: 600 | F2: 1800 | L2: 1 | M2: -10 | N2: =+golpesTheFinal[[#This Row],[Golpes]]-$M$2 -> 0 | P2: Enrique Gonzalez R | Q2: =+golpesTheFinal[[#This Row],[vs Primero]] -> 0 | R2: =+golpesTheFinal[[#This Row],[Golpes]] -> -10 | U2: Ptos | V2: Par | W2: 4 | X2: 3 | Y2: 5 | Z2: 3 | AA2: 4 | AB2: 4 | AC2: Tot
A3: 2024 | B3: 2 | C3: 0 | D3: 300 | E3: 330 | F3: 990 | H3: =+dPuntosTipoTorneo[[#This Row],[2]]-D2 -> -200 | I3: =+dPuntosTipoTorneo[[#This Row],[3]]-E2 -> -270 | L3: 2 | M3: -8 | N3: =+golpesTheFinal[[#This Row],[Golpes]]-$M$2 -> 2 | P3: Alfonso Hidalgo | Q3: =+golpesTheFinal[[#This Row],[vs Primero]] -> 2 | R3: =+golpesTheFinal[[#This Row],[Golpes]] -> -8 | U3: =+M2 -> -10 | V3: =+P2 -> Enrique Gonzalez R | W3: =+IF(W$2=4,-2,IF(W$2=5,-3,-1)) -> -2 | X3: =+IF(X$2=4,-2,IF(X$2=5,-3,-1)) -> -1 | Y3: =+IF(Y$2=4,-2,IF(Y$2=5,-3,-1)) -> -3 | Z3: =+IF(Z$2=4,-2,IF(Z$2=5,-3,-1)) -> -1 | AA3: =+IF(AA$2=4,-2,IF(AA$2=5,-3,-1)) -> -2 | AB3: -1 | AC3: =+SUM(W3:AB3) -> -10
A4: 2024 | B4: 3 | C4: 0 | D4: 190 | E4: 210 | F4: 630 | H4: =+dPuntosTipoTorneo[[#This Row],[2]]-D3 -> -110 | I4: =+dPuntosTipoTorneo[[#This Row],[3]]-E3 -> -120 | L4: 3 | M4: -6 | N4: =+golpesTheFinal[[#This Row],[Golpes]]-$M$2 -> 4 | P4: Javier Cervera | Q4: =+golpesTheFinal[[#This Row],[vs Primero]] -> 4 | R4: =+golpesTheFinal[[#This Row],[Golpes]] -> -6 | U4: =+M3 -> -8 | V4: =+P3 -> Alfonso Hidalgo | W4: =+IF(W$2=4,-2,IF(W$2=5,-3,-1)) -> -2 | X4: =+IF(X$2=4,-2,IF(X$2=5,-3,-1)) -> -1 | Y4: =+IF(Y$2=4,-2,IF(Y$2=5,-3,-1)) -> -3 | Z4: -1 | AA4: -1 | AC4: =+SUM(W4:AA4) -> -8
A5: 2024 | B5: 4 | C5: 0 | D5: 135 | E5: 150 | F5: 450 | H5: =+dPuntosTipoTorneo[[#This Row],[2]]-D4 -> -55 | I5: =+dPuntosTipoTorneo[[#This Row],[3]]-E4 -> -60 | L5: 4 | M5: -5 | N5: =+golpesTheFinal[[#This Row],[Golpes]]-$M$2 -> 5 | P5: David Sequera | Q5: =+golpesTheFinal[[#This Row],[vs Primero]] -> 5 | R5: =+golpesTheFinal[[#This Row],[Golpes]] -> -5 | U5: =+M4 -> -6 | V5: =+P4 -> Javier Cervera | W5: =+IF(W$2=4,-2,IF(W$2=5,-3,-1)) -> -2 | X5: =+IF(X$2=4,-2,IF(X$2=5,-3,-1)) -> -1 | Y5: -3 | AC5: =+SUM(W5:AA5) -> -6
A6: 2024 | B6: 5 | C6: 0 | D6: 110 | E6: 120 | F6: 360 | H6: =+dPuntosTipoTorneo[[#This Row],[2]]-D5 -> -25 | I6: =+dPuntosTipoTorneo[[#This Row],[3]]-E5 -> -30 | L6: 5 | M6: -4 | N6: =+golpesTheFinal[[#This Row],[Golpes]]-$M$2 -> 6 | P6: Alvaro Aguirre | Q6: =+golpesTheFinal[[#This Row],[vs Primero]] -> 6 | R6: =+golpesTheFinal[[#This Row],[Golpes]] -> -4 | U6: =+M5 -> -5 | V6: =+P5 -> David Sequera | W6: =+IF(W$2=4,-2,IF(W$2=5,-3,-1)) -> -2 | X6: =+IF(X$2=4,-2,IF(X$2=5,-3,-1)) -> -1 | Y6: -2 | AC6: =+SUM(W6:AA6) -> -5
A7: 2024 | B7: 6 | C7: 0 | D7: 100 | E7: 110 | F7: 330.01 | H7: =+dPuntosTipoTorneo[[#This Row],[2]]-D6 -> -10 | I7: =+dPuntosTipoTorneo[[#This Row],[3]]-E6 -> -10 | L7: 6 | M7: -3 | N7: =+golpesTheFinal[[#This Row],[Golpes]]-$M$2 -> 7 | P7: Javier Chiralt | Q7: =+golpesTheFinal[[#This Row],[vs Primero]] -> 7 | R7: =+golpesTheFinal[[#This Row],[Golpes]] -> -3 | U7: =+M6 -> -4 | V7: =+P6 -> Alvaro Aguirre | W7: =+IF(W$2=4,-2,IF(W$2=5,-3,-1)) -> -2 | X7: -1 | Y7: -1 | AC7: =+SUM(W7:AA7) -> -4
A8: 2024 | B8: 7 | C8: 0 | D8: 90 | E8: 100 | F8: 300.01 | H8: =+dPuntosTipoTorneo[[#This Row],[2]]-D7 -> -10 | I8: =+dPuntosTipoTorneo[[#This Row],[3]]-E7 -> -10 | L8: 7 | M8: -2 | N8: =+golpesTheFinal[[#This Row],[Golpes]]-$M$2 -> 8 | P8: Angel Hernandez | Q8: =+golpesTheFinal[[#This Row],[vs Primero]] -> 8 | R8: =+golpesTheFinal[[#This Row],[Golpes]] -> -2 | U8: =+M7 -> -3 | V8: =+P7 -> Javier Chiralt | W8: =+IF(W$2=4,-2,IF(W$2=5,-3,-1)) -> -2 | X8: -1 | AC8: =+SUM(W8:AA8) -> -3
A9: 2024 | B9: 8 | C9: 0 | D9: 85 | E9: 94 | F9: 282 | H9: =+dPuntosTipoTorneo[[#This Row],[2]]-D8 -> -5 | I9: =+dPuntosTipoTorneo[[#This Row],[3]]-E8 -> -6 | L9: 8 | M9: -1 | N9: =+golpesTheFinal[[#This Row],[Golpes]]-$M$2 -> 9 | P9: Nacho Gonzalez | Q9: =+golpesTheFinal[[#This Row],[vs Primero]] -> 9 | R9: =+golpesTheFinal[[#This Row],[Golpes]] -> -1 | U9: =+M8 -> -2 | V9: =+P8 -> Angel Hernandez | W9: =+IF(W$2=4,-2,IF(W$2=5,-3,-1)) -> -2 | AC9: =+SUM(W9:AA9) -> -2
A10: 2024 | B10: 9 | C10: 0 | D10: 80 | E10: 88 | F10: 264 | H10: =+dPuntosTipoTorneo[[#This Row],[2]]-D9 -> -5 | I10: =+dPuntosTipoTorneo[[#This Row],[3]]-E9 -> -6 | L10: 9 | M10: 0 | N10: =+golpesTheFinal[[#This Row],[Golpes]]-$M$2 -> 10 | P10: Francisco Hidalgo | Q10: =+golpesTheFinal[[#This Row],[vs Primero]] -> 10 | R10: =+golpesTheFinal[[#This Row],[Golpes]] -> 0 | U10: =+M9 -> -1 | V10: =+P9 -> Nacho Gonzalez | W10: -1 | AC10: =+SUM(W10:AA10) -> -1
A11: 2024 | B11: 10 | C11: 0 | D11: 75 | E11: 82 | F11: 246 | H11: =+dPuntosTipoTorneo[[#This Row],[2]]-D10 -> -5 | I11: =+dPuntosTipoTorneo[[#This Row],[3]]-E10 -> -6 | L11: 10 | M11: 0 | N11: =+golpesTheFinal[[#This Row],[Golpes]]-$M$2 -> 10 | P11: Francisco Alvarez | Q11: =+golpesTheFinal[[#This Row],[vs Primero]] -> 10 | R11: =+golpesTheFinal[[#This Row],[Golpes]] -> 0
A12: 2024 | B12: 11 | C12: 0 | D12: 70 | E12: 77 | F12: 231 | H12: =+dPuntosTipoTorneo[[#This Row],[2]]-D11 -> -5 | I12: =+dPuntosTipoTorneo[[#This Row],[3]]-E11 -> -5 | L12: 11 | M12: 0 | N12: =+golpesTheFinal[[#This Row],[Golpes]]-$M$2 -> 10 | P12: Nacho Casas | Q12: =+golpesTheFinal[[#This Row],[vs Primero]] -> 10 | R12: =+golpesTheFinal[[#This Row],[Golpes]] -> 0
A13: 2024 | B13: 12 | C13: 0 | D13: 65 | E13: 72 | F13: 216 | H13: =+dPuntosTipoTorneo[[#This Row],[2]]-D12 -> -5 | I13: =+dPuntosTipoTorneo[[#This Row],[3]]-E12 -> -5 | L13: 12 | M13: 0 | N13: =+golpesTheFinal[[#This Row],[Golpes]]-$M$2 -> 10 | P13: Ignacio Cadarso | Q13: =+golpesTheFinal[[#This Row],[vs Primero]] -> 10 | R13: =+golpesTheFinal[[#This Row],[Golpes]] -> 0
A14: 2024 | B14: 13 | C14: 0 | D14: 60 | E14: 68 | F14: 204 | H14: =+dPuntosTipoTorneo[[#This Row],[2]]-D13 -> -5 | I14: =+dPuntosTipoTorneo[[#This Row],[3]]-E13 -> -4 | L14: 13 | M14: 0 | N14: =+golpesTheFinal[[#This Row],[Golpes]]-$M$2 -> 10 | P14: J. Enrique Gonzalez | Q14: =+golpesTheFinal[[#This Row],[vs Primero]] -> 10 | R14: =+golpesTheFinal[[#This Row],[Golpes]] -> 0
A15: 2024 | B15: 14 | C15: 0 | D15: 57 | E15: 64 | F15: 192 | H15: =+dPuntosTipoTorneo[[#This Row],[2]]-D14 -> -3 | I15: =+dPuntosTipoTorneo[[#This Row],[3]]-E14 -> -4 | L15: 14 | M15: 0 | N15: =+golpesTheFinal[[#This Row],[Golpes]]-$M$2 -> 10 | P15: Jesus Touceda | Q15: =+golpesTheFinal[[#This Row],[vs Primero]] -> 10 | R15: =+golpesTheFinal[[#This Row],[Golpes]] -> 0
A16: 2024 | B16: 15 | C16: 0 | D16: 55 | E16: 61 | F16: 183 | H16: =+dPuntosTipoTorneo[[#This Row],[2]]-D15 -> -2 | I16: =+dPuntosTipoTorneo[[#This Row],[3]]-E15 -> -3 | L16: 15 | M16: 0 | N16: =+golpesTheFinal[[#This Row],[Golpes]]-$M$2 -> 10 | P16: Ruslan Kochman | Q16: =+golpesTheFinal[[#This Row],[vs Primero]] -> 10 | R16: =+golpesTheFinal[[#This Row],[Golpes]] -> 0
A17: 2024 | B17: 16 | C17: 0 | D17: 53 | E17: 59 | F17: 177 | H17: =+dPuntosTipoTorneo[[#This Row],[2]]-D16 -> -2 | I17: =+dPuntosTipoTorneo[[#This Row],[3]]-E16 -> -2 | L17: 16 | M17: 0 | N17: =+golpesTheFinal[[#This Row],[Golpes]]-$M$2 -> 10 | P17: Javier Gonzalez Salvador | Q17: =+golpesTheFinal[[#This Row],[vs Primero]] -> 10 | R17: =+golpesTheFinal[[#This Row],[Golpes]] -> 0
A18: 2024 | B18: 17 | C18: 0 | D18: 51 | E18: 57 | F18: 171 | H18: =+dPuntosTipoTorneo[[#This Row],[2]]-D17 -> -2 | I18: =+dPuntosTipoTorneo[[#This Row],[3]]-E17 -> -2 | L18: 17 | M18: 0 | N18: =+golpesTheFinal[[#This Row],[Golpes]]-$M$2 -> 10 | P18: Alvaro Montoya | Q18: =+golpesTheFinal[[#This Row],[vs Primero]] -> 10 | R18: =+golpesTheFinal[[#This Row],[Golpes]] -> 0
A19: 2024 | B19: 18 | C19: 0 | D19: 49 | E19: 55 | F19: 165 | H19: =+dPuntosTipoTorneo[[#This Row],[2]]-D18 -> -2 | I19: =+dPuntosTipoTorneo[[#This Row],[3]]-E18 -> -2 | L19: 18 | M19: 0 | N19: =+golpesTheFinal[[#This Row],[Golpes]]-$M$2 -> 10 | P19: GLEZ JUAN JOSÉ | Q19: =+golpesTheFinal[[#This Row],[vs Primero]] -> 10 | R19: =+golpesTheFinal[[#This Row],[Golpes]] -> 0
A20: 2024 | B20: 19 | C20: 0 | D20: 47 | E20: 53 | F20: 159 | H20: =+dPuntosTipoTorneo[[#This Row],[2]]-D19 -> -2 | I20: =+dPuntosTipoTorneo[[#This Row],[3]]-E19 -> -2 | L20: 19 | M20: 0 | N20: =+golpesTheFinal[[#This Row],[Golpes]]-$M$2 -> 10 | P20: Miche Lopez | Q20: =+golpesTheFinal[[#This Row],[vs Primero]] -> 10 | R20: =+golpesTheFinal[[#This Row],[Golpes]] -> 0
A21: 2024 | B21: 20 | C21: 0 | D21: 45 | E21: 51 | F21: 153 | H21: =+dPuntosTipoTorneo[[#This Row],[2]]-D20 -> -2 | I21: =+dPuntosTipoTorneo[[#This Row],[3]]-E20 -> -2 | L21: 20 | M21: 0 | N21: =+golpesTheFinal[[#This Row],[Golpes]]-$M$2 -> 10 | P21: José Pablo Guil | Q21: =+golpesTheFinal[[#This Row],[vs Primero]] -> 10 | R21: =+golpesTheFinal[[#This Row],[Golpes]] -> 0
A22: 2024 | B22: 21 | C22: 0 | D22: 44 | E22: 50 | F22: 150 | H22: =+dPuntosTipoTorneo[[#This Row],[2]]-D21 -> -1 | I22: =+dPuntosTipoTorneo[[#This Row],[3]]-E21 -> -1 | L22: 21 | M22: 0 | N22: =+golpesTheFinal[[#This Row],[Golpes]]-$M$2 -> 10 | P22: Alvaro Nieto | Q22: =+golpesTheFinal[[#This Row],[vs Primero]] -> 10 | R22: =+golpesTheFinal[[#This Row],[Golpes]] -> 0
... A24: 2024 | B24: 23 | C24: 0 | D24: 42 | E24: 48 | F24: 144 | H24: =+dPuntosTipoTorneo[[#This Row],[2]]-D23 -> -1 | I24: =+dPuntosTipoTorneo[[#This Row],[3]]-E23 -> -1 | L24: 23 | M24: 0 | N24: =+golpesTheFinal[[#This Row],[Golpes]]-$M$2 -> 10 | P24: Franck Benouniche | Q24: =+golpesTheFinal[[#This Row],[vs Primero]] -> 10 | R24: =+golpesTheFinal[[#This Row],[Golpes]] -> 0
A25: 2024 | B25: 24 | C25: 0 | D25: 41 | E25: 47 | F25: 141 | H25: =+dPuntosTipoTorneo[[#This Row],[2]]-D24 -> -1 | I25: =+dPuntosTipoTorneo[[#This Row],[3]]-E24 -> -1 | L25: 24 | M25: 0 | N25: =+golpesTheFinal[[#This Row],[Golpes]]-$M$2 -> 10
A26: 2024 | B26: 25 | C26: 0 | D26: 40 | E26: 46 | F26: 138 | H26: =+dPuntosTipoTorneo[[#This Row],[2]]-D25 -> -1 | I26: =+dPuntosTipoTorneo[[#This Row],[3]]-E25 -> -1 | L26: 25 | M26: 0 | N26: =+golpesTheFinal[[#This Row],[Golpes]]-$M$2 -> 10
A27: 2024 | B27: 26 | C27: 0 | D27: 39 | E27: 45 | F27: 135
A28: 2024 | B28: 27 | C28: 0 | D28: 38 | E28: 44 | F28: 132
A29: 2024 | B29: 28 | C29: 0 | D29: 37 | E29: 43 | F29: 129
A30: 2024 | B30: 29 | C30: 0 | D30: 36 | E30: 42 | F30: 126
A31: 2024 | B31: 30 | C31: 0 | D31: 35 | E31: 41 | F31: 123
A32: 2024 | B32: 31 | C32: 0 | D32: 34 | E32: 40 | F32: 120
A33: 2024 | B33: 32 | C33: 0 | D33: 33 | E33: 39 | F33: 117
A34: 2024 | B34: 33 | C34: 0 | D34: 32 | E34: 38 | F34: 114
A35: 2024 | B35: 34 | C35: 0 | D35: 31 | E35: 37 | F35: 111
A36: 2024 | B36: 35 | C36: 0 | D36: 30 | E36: 36 | F36: 108
A37: 2024 | B37: 36 | C37: 0 | D37: 29 | E37: 35 | F37: 105
A38: 2025 | B38: 1 | C38: 0 | D38: 500 | E38: 600 | F38: 1800
... A73: 2025 | B73: 36 | C73: 0 | D73: 29 | E73: 35 | F73: 105

Sheet Hoyos Vuelta
A1: Hoyo | B1: Vuelta
A2: 1 | B2: 1
A3: =+A2+1 -> 2 | B3: 1
A4: =+A3+1 -> 3 | B4: 1
A5: =+A4+1 -> 4 | B5: 1
A6: =+A5+1 -> 5 | B6: 1
A7: =+A6+1 -> 6 | B7: 1
A8: =+A7+1 -> 7 | B8: 1
A9: =+A8+1 -> 8 | B9: 1
A10: =+A9+1 -> 9 | B10: 1
A11: =+A10+1 -> 10 | B11: 2
A12: =+A11+1 -> 11 | B12: 2
A13: =+A12+1 -> 12 | B13: 2
A14: =+A13+1 -> 13 | B14: 2
... A19: =+A18+1 -> 18 | B19: 2

Sheet Puntos Acumulados
A1: Mote | B1: Puntos | C1: Torneos | D1: __PowerAppsId__ | E1: Máximo | F1: Columna1
A2: Nachete | B2: 800 | C2: 3 | D2: 0e402f8d-6632-4004-8b8b-46397a554cf0 | E2: =+IF(PuntosRanking[[#This Row],[Torneos]]=MAX(PuntosRanking[Torneos]),1,"") | F2: =+PuntosRanking[[#This Row],[Mote]]&"_"&PuntosRanking[[#This Row],[Máximo]] -> Nachete_
A3: Juanjo | B3: 690 | C3: 3 | D3: 7f0453e3-8c9c-4167-8c1b-8354b7be25f4 | E3: =+IF(PuntosRanking[[#This Row],[Torneos]]=MAX(PuntosRanking[Torneos]),1,"") | F3: =+PuntosRanking[[#This Row],[Mote]]&"_"&PuntosRanking[[#This Row],[Máximo]] -> Juanjo_
A4: Juancho | B4: 500 | C4: 3 | D4: cab47a36-9dc7-46a0-aead-cd9a5b36c70b | E4: =+IF(PuntosRanking[[#This Row],[Torneos]]=MAX(PuntosRanking[Torneos]),1,"") | F4: =+PuntosRanking[[#This Row],[Mote]]&"_"&PuntosRanking[[#This Row],[Máximo]] -> Juancho_
A5: Angel | B5: 300 | C5: 3 | D5: 6a17940a-6a99-4d8a-8cae-7b746a3d169c | E5: =+IF(PuntosRanking[[#This Row],[Torneos]]=MAX(PuntosRanking[Torneos]),1,"") | F5: =+PuntosRanking[[#This Row],[Mote]]&"_"&PuntosRanking[[#This Row],[Máximo]] -> Angel_
A6: Javi | B6: 280 | C6: 3 | D6: 0ca94a23-f9e5-47d7-ac3e-832097bc4760 | E6: =+IF(PuntosRanking[[#This Row],[Torneos]]=MAX(PuntosRanking[Torneos]),1,"") | F6: =+PuntosRanking[[#This Row],[Mote]]&"_"&PuntosRanking[[#This Row],[Máximo]] -> Javi_
A7: Jorge | B7: 270 | C7: 3 | D7: 24b84ae0-46ed-4a00-9e5a-5bffabdb6cbd | E7: =+IF(PuntosRanking[[#This Row],[Torneos]]=MAX(PuntosRanking[Torneos]),1,"") | F7: =+PuntosRanking[[#This Row],[Mote]]&"_"&PuntosRanking[[#This Row],[Máximo]] -> Jorge_
A8: Jesús | B8: 225 | C8: 3 | D8: fb1e8a6c-26c5-47e6-b19b-bc69c6952996 | E8: =+IF(PuntosRanking[[#This Row],[Torneos]]=MAX(PuntosRanking[Torneos]),1,"") | F8: =+PuntosRanking[[#This Row],[Mote]]&"_"&PuntosRanking[[#This Row],[Máximo]] -> Jesús_
A9: Alfonso | B9: 200 | C9: 3 | D9: 35f83a69-41b1-471e-8e58-868b1d6ff60b | E9: =+IF(PuntosRanking[[#This Row],[Torneos]]=MAX(PuntosRanking[Torneos]),1,"") | F9: =+PuntosRanking[[#This Row],[Mote]]&"_"&PuntosRanking[[#This Row],[Máximo]] -> Alfonso_
A10: Gifu | B10: 180 | C10: 3 | D10: d4951f1d-aff4-483a-a239-e730d120e15b | E10: =+IF(PuntosRanking[[#This Row],[Torneos]]=MAX(PuntosRanking[Torneos]),1,"") | F10: =+PuntosRanking[[#This Row],[Mote]]&"_"&PuntosRanking[[#This Row],[Máximo]] -> Gifu_
A11: J Antonio | B11: 180 | C11: 3 | D11: 9329f618-f541-4450-9348-71df3794b7d4 | E11: =+IF(PuntosRanking[[#This Row],[Torneos]]=MAX(PuntosRanking[Torneos]),1,"") | F11: =+PuntosRanking[[#This Row],[Mote]]&"_"&PuntosRanking[[#This Row],[Máximo]] -> J Antonio_
A12: David | B12: 165 | C12: 3 | D12: 6623842c-75d9-44ca-ac84-6900a9bfbde0 | E12: =+IF(PuntosRanking[[#This Row],[Torneos]]=MAX(PuntosRanking[Torneos]),1,"") | F12: =+PuntosRanking[[#This Row],[Mote]]&"_"&PuntosRanking[[#This Row],[Máximo]] -> David_
A13: Monti | B13: 165 | C13: 3 | D13: 58a5d2c2-0868-4290-b88d-13230cb601a1 | E13: =+IF(PuntosRanking[[#This Row],[Torneos]]=MAX(PuntosRanking[Torneos]),1,"") | F13: =+PuntosRanking[[#This Row],[Mote]]&"_"&PuntosRanking[[#This Row],[Máximo]] -> Monti_
... A27: JP | B27: 47 | C27: 3 | D27: 00bc7804-12fc-4840-961d-c2091bb80fe4 | E27: =+IF(PuntosRanking[[#This Row],[Torneos]]=MAX(PuntosRanking[Torneos]),1,"") | F27: =+PuntosRanking[[#This Row],[Mote]]&"_"&PuntosRanking[[#This Row],[Máximo]] -> JP_
A28: A Zorrilla | C28: 3 | D28: 066d08ec-b5cd-4279-8052-1441c9a75d7b | E28: =+IF(PuntosRanking[[#This Row],[Torneos]]=MAX(PuntosRanking[Torneos]),1,"") | F28: =+PuntosRanking[[#This Row],[Mote]]&"_"&PuntosRanking[[#This Row],[Máximo]] -> A Zorrilla_
A29: Campo | C29: 3 | D29: cc945a0c-cfc7-4492-a7bd-c37d313f5f7c | E29: =+IF(PuntosRanking[[#This Row],[Torneos]]=MAX(PuntosRanking[Torneos]),1,"") | F29: =+PuntosRanking[[#This Row],[Mote]]&"_"&PuntosRanking[[#This Row],[Máximo]] -> Campo_
A30: Carlitos | C30: 3 | D30: b284346f-c2ac-4f9f-be51-64ed1c2e78a8 | E30: =+IF(PuntosRanking[[#This Row],[Torneos]]=MAX(PuntosRanking[Torneos]),1,"") | F30: =+PuntosRanking[[#This Row],[Mote]]&"_"&PuntosRanking[[#This Row],[Máximo]] -> Carlitos_
A31: Chiralt | C31: 3 | D31: 98797cc5-f6bd-4b09-9148-4c5d60b27d01 | E31: =+IF(PuntosRanking[[#This Row],[Torneos]]=MAX(PuntosRanking[Torneos]),1,"") | F31: =+PuntosRanking[[#This Row],[Mote]]&"_"&PuntosRanking[[#This Row],[Máximo]] -> Chiralt_
A32: Cuñao | C32: 3 | D32: 337b204a-dd79-4abc-a177-936fbcb1ff25 | E32: =+IF(PuntosRanking[[#This Row],[Torneos]]=MAX(PuntosRanking[Torneos]),1,"") | F32: =+PuntosRanking[[#This Row],[Mote]]&"_"&PuntosRanking[[#This Row],[Máximo]] -> Cuñao_
A33: Emi | C33: 3 | D33: 971b51d7-2439-4d77-9696-fd4aaf41db35 | E33: =+IF(PuntosRanking[[#This Row],[Torneos]]=MAX(PuntosRanking[Torneos]),1,"") | F33: =+PuntosRanking[[#This Row],[Mote]]&"_"&PuntosRanking[[#This Row],[Máximo]] -> Emi_
A34: I Gracia | C34: 3 | D34: c6634680-2416-4adc-be96-040b0bbc4c43 | E34: =+IF(PuntosRanking[[#This Row],[Torneos]]=MAX(PuntosRanking[Torneos]),1,"") | F34: =+PuntosRanking[[#This Row],[Mote]]&"_"&PuntosRanking[[#This Row],[Máximo]] -> I Gracia_
A35: Jaime | C35: 3 | D35: 83aa959b-a64f-4d99-b718-4d53cb6a5f4a | E35: =+IF(PuntosRanking[[#This Row],[Torneos]]=MAX(PuntosRanking[Torneos]),1,"") | F35: =+PuntosRanking[[#This Row],[Mote]]&"_"&PuntosRanking[[#This Row],[Máximo]] -> Jaime_
A36: Juan Luis | C36: 3 | D36: 77d29062-a471-47bb-bef2-114a7434fa61 | E36: =+IF(PuntosRanking[[#This Row],[Torneos]]=MAX(PuntosRanking[Torneos]),1,"") | F36: =+PuntosRanking[[#This Row],[Mote]]&"_"&PuntosRanking[[#This Row],[Máximo]] -> Juan Luis_
A37: Miche | C37: 3 | D37: bbb59763-a376-400c-af18-9cbfcba73ed7 | E37: =+IF(PuntosRanking[[#This Row],[Torneos]]=MAX(PuntosRanking[Torneos]),1,"") | F37: =+PuntosRanking[[#This Row],[Mote]]&"_"&PuntosRanking[[#This Row],[Máximo]] -> Miche_
A38: Nacho | C38: 3 | D38: cca7717c-f0e4-487a-95c6-fb7063664578 | E38: =+IF(PuntosRanking[[#This Row],[Torneos]]=MAX(PuntosRanking[Torneos]),1,"") | F38: =+PuntosRanking[[#This Row],[Mote]]&"_"&PuntosRanking[[#This Row],[Máximo]] -> Nacho_
A39: Santi | C39: 3 | D39: 9b451adf-ae17-48ef-a394-b9e307fd7c24 | E39: =+IF(PuntosRanking[[#This Row],[Torneos]]=MAX(PuntosRanking[Torneos]),1,"") | F39: =+PuntosRanking[[#This Row],[Mote]]&"_"&PuntosRanking[[#This Row],[Máximo]] -> Santi_
A40: Virus | C40: 3 | D40: 0dafb399-50cc-492a-bcd7-d506d24141ce | E40: =+IF(PuntosRanking[[#This Row],[Torneos]]=MAX(PuntosRanking[Torneos]),1,"") | F40: =+PuntosRanking[[#This Row],[Mote]]&"_"&PuntosRanking[[#This Row],[Máximo]] -> Virus_
A41: Alex | B41: 165 | C41: 4 | E41: =+IF(PuntosRanking[[#This Row],[Torneos]]=MAX(PuntosRanking[Torneos]),1,"") | F41: =+PuntosRanking[[#This Row],[Mote]]&"_"&PuntosRanking[[#This Row],[Máximo]] -> Alex_
A42: Alfonso | B42: 354 | C42: 4 | E42: =+IF(PuntosRanking[[#This Row],[Torneos]]=MAX(PuntosRanking[Torneos]),1,"") | F42: =+PuntosRanking[[#This Row],[Mote]]&"_"&PuntosRanking[[#This Row],[Máximo]] -> Alfonso_
A43: Alvaro | B43: 80 | C43: 4 | E43: =+IF(PuntosRanking[[#This Row],[Torneos]]=MAX(PuntosRanking[Torneos]),1,"") | F43: =+PuntosRanking[[#This Row],[Mote]]&"_"&PuntosRanking[[#This Row],[Máximo]] -> Alvaro_
A44: Angel | B44: 447 | C44: 4 | E44: =+IF(PuntosRanking[[#This Row],[Torneos]]=MAX(PuntosRanking[Torneos]),1,"") | F44: =+PuntosRanking[[#This Row],[Mote]]&"_"&PuntosRanking[[#This Row],[Máximo]] -> Angel_
A45: Antonio | B45: 214 | C45: 4 | E45: =+IF(PuntosRanking[[#This Row],[Torneos]]=MAX(PuntosRanking[Torneos]),1,"") | F45: =+PuntosRanking[[#This Row],[Mote]]&"_"&PuntosRanking[[#This Row],[Máximo]] -> Antonio_
A46: David | B46: 313 | C46: 4 | E46: =+IF(PuntosRanking[[#This Row],[Torneos]]=MAX(PuntosRanking[Torneos]),1,"") | F46: =+PuntosRanking[[#This Row],[Mote]]&"_"&PuntosRanking[[#This Row],[Máximo]] -> David_
A47: Eduardo | B47: 110 | C47: 4 | E47: =+IF(PuntosRanking[[#This Row],[Torneos]]=MAX(PuntosRanking[Torneos]),1,"") | F47: =+PuntosRanking[[#This Row],[Mote]]&"_"&PuntosRanking[[#This Row],[Máximo]] -> Eduardo_
A48: Enrique | B48: 323 | C48: 4 | E48: =+IF(PuntosRanking[[#This Row],[Torneos]]=MAX(PuntosRanking[Torneos]),1,"") | F48: =+PuntosRanking[[#This Row],[Mote]]&"_"&PuntosRanking[[#This Row],[Máximo]] -> Enrique_
A49: Fran | B49: 259 | C49: 4 | E49: =+IF(PuntosRanking[[#This Row],[Torneos]]=MAX(PuntosRanking[Torneos]),1,"") | F49: =+PuntosRanking[[#This Row],[Mote]]&"_"&PuntosRanking[[#This Row],[Máximo]] -> Fran_
A50: Franck | B50: 55 | C50: 4 | E50: =+IF(PuntosRanking[[#This Row],[Torneos]]=MAX(PuntosRanking[Torneos]),1,"") | F50: =+PuntosRanking[[#This Row],[Mote]]&"_"&PuntosRanking[[#This Row],[Máximo]] -> Franck_
A51: Gifu | B51: 559 | C51: 4 | E51: =+IF(PuntosRanking[[#This Row],[Torneos]]=MAX(PuntosRanking[Torneos]),1,"") | F51: =+PuntosRanking[[#This Row],[Mote]]&"_"&PuntosRanking[[#This Row],[Máximo]] -> Gifu_
A52: Ignacio | B52: 200 | C52: 4 | E52: =+IF(PuntosRanking[[#This Row],[Torneos]]=MAX(PuntosRanking[Torneos]),1,"") | F52: =+PuntosRanking[[#This Row],[Mote]]&"_"&PuntosRanking[[#This Row],[Máximo]] -> Ignacio_
... A70: JuanSanz | B70: 557 | C70: 4 | E70: =+IF(PuntosRanking[[#This Row],[Torneos]]=MAX(PuntosRanking[Torneos]),1,"") | F70: =+PuntosRanking[[#This Row],[Mote]]&"_"&PuntosRanking[[#This Row],[Máximo]] -> JuanSanz_
A71: A Zorrilla | C71: 4 | E71: =+IF(PuntosRanking[[#This Row],[Torneos]]=MAX(PuntosRanking[Torneos]),1,"") | F71: =+PuntosRanking[[#This Row],[Mote]]&"_"&PuntosRanking[[#This Row],[Máximo]] -> A Zorrilla_
A72: Campo | C72: 4 | E72: =+IF(PuntosRanking[[#This Row],[Torneos]]=MAX(PuntosRanking[Torneos]),1,"") | F72: =+PuntosRanking[[#This Row],[Mote]]&"_"&PuntosRanking[[#This Row],[Máximo]] -> Campo_
A73: Carlitos | C73: 4 | E73: =+IF(PuntosRanking[[#This Row],[Torneos]]=MAX(PuntosRanking[Torneos]),1,"") | F73: =+PuntosRanking[[#This Row],[Mote]]&"_"&PuntosRanking[[#This Row],[Máximo]] -> Carlitos_
A74: Chiralt | C74: 4 | E74: =+IF(PuntosRanking[[#This Row],[Torneos]]=MAX(PuntosRanking[Torneos]),1,"") | F74: =+PuntosRanking[[#This Row],[Mote]]&"_"&PuntosRanking[[#This Row],[Máximo]] -> Chiralt_
A75: Cuñao | C75: 4 | E75: =+IF(PuntosRanking[[#This Row],[Torneos]]=MAX(PuntosRanking[Torneos]),1,"") | F75: =+PuntosRanking[[#This Row],[Mote]]&"_"&PuntosRanking[[#This Row],[Máximo]] -> Cuñao_
A76: Emi | C76: 4 | E76: =+IF(PuntosRanking[[#This Row],[Torneos]]=MAX(PuntosRanking[Torneos]),1,"") | F76: =+PuntosRanking[[#This Row],[Mote]]&"_"&PuntosRanking[[#This Row],[Máximo]] -> Emi_
A77: I Gracia | C77: 4 | E77: =+IF(PuntosRanking[[#This Row],[Torneos]]=MAX(PuntosRanking[Torneos]),1,"") | F77: =+PuntosRanking[[#This Row],[Mote]]&"_"&PuntosRanking[[#This Row],[Máximo]] -> I Gracia_
A78: Jaime | C78: 4 | E78: =+IF(PuntosRanking[[#This Row],[Torneos]]=MAX(PuntosRanking[Torneos]),1,"") | F78: =+PuntosRanking[[#This Row],[Mote]]&"_"&PuntosRanking[[#This Row],[Máximo]] -> Jaime_
A79: Juan Luis | C79: 4 | E79: =+IF(PuntosRanking[[#This Row],[Torneos]]=MAX(PuntosRanking[Torneos]),1,"") | F79: =+PuntosRanking[[#This Row],[Mote]]&"_"&PuntosRanking[[#This Row],[Máximo]] -> Juan Luis_
A80: Santi | C80: 4 | E80: =+IF(PuntosRanking[[#This Row],[Torneos]]=MAX(PuntosRanking[Torneos]),1,"") | F80: =+PuntosRanking[[#This Row],[Mote]]&"_"&PuntosRanking[[#This Row],[Máximo]] -> Santi_
A81: Alex | B81: 165 | C81: 5 | E81: =+IF(PuntosRanking[[#This Row],[Torneos]]=MAX(PuntosRanking[Torneos]),1,"") | F81: =+PuntosRanking[[#This Row],[Mote]]&"_"&PuntosRanking[[#This Row],[Máximo]] -> Alex_ | H81: Alex | I81: =+VLOOKUP(H81&"_1",PuntosRanking[Columna1],1,FALSE) -> Alex_1
A82: Alfonso | B82: 404 | C82: 5 | E82: =+IF(PuntosRanking[[#This Row],[Torneos]]=MAX(PuntosRanking[Torneos]),1,"") | F82: =+PuntosRanking[[#This Row],[Mote]]&"_"&PuntosRanking[[#This Row],[Máximo]] -> Alfonso_ | H82: Alfonso | I82: =+VLOOKUP(H82&"_1",PuntosRanking[Columna1],1,FALSE) -> Alfonso_1
A83: Alvaro | B83: 144 | C83: 5 | E83: =+IF(PuntosRanking[[#This Row],[Torneos]]=MAX(PuntosRanking[Torneos]),1,"") | F83: =+PuntosRanking[[#This Row],[Mote]]&"_"&PuntosRanking[[#This Row],[Máximo]] -> Alvaro_ | H83: Alvaro | I83: =+VLOOKUP(H83&"_1",PuntosRanking[Columna1],1,FALSE) -> Alvaro_1
A84: Angel | B84: 567 | C84: 5 | E84: =+IF(PuntosRanking[[#This Row],[Torneos]]=MAX(PuntosRanking[Torneos]),1,"") | F84: =+PuntosRanking[[#This Row],[Mote]]&"_"&PuntosRanking[[#This Row],[Máximo]] -> Angel_ | H84: Angel | I84: =+VLOOKUP(H84&"_1",PuntosRanking[Columna1],1,FALSE) -> Angel_1
A85: Antonio | B85: 226 | C85: 5 | E85: =+IF(PuntosRanking[[#This Row],[Torneos]]=MAX(PuntosRanking[Torneos]),1,"") | F85: =+PuntosRanking[[#This Row],[Mote]]&"_"&PuntosRanking[[#This Row],[Máximo]] -> Antonio_ | H85: Antonio | I85: =+VLOOKUP(H85&"_1",PuntosRanking[Columna1],1,FALSE) -> Antonio_1
A86: David | B86: 313 | C86: 5 | E86: =+IF(PuntosRanking[[#This Row],[Torneos]]=MAX(PuntosRanking[Torneos]),1,"") | F86: =+PuntosRanking[[#This Row],[Mote]]&"_"&PuntosRanking[[#This Row],[Máximo]] -> David_ | H86: David | I86: =+VLOOKUP(H86&"_1",PuntosRanking[Columna1],1,FALSE) -> David_1
A87: Eduardo | B87: 110 | C87: 5 | E87: =+IF(PuntosRanking[[#This Row],[Torneos]]=MAX(PuntosRanking[Torneos]),1,"") | F87: =+PuntosRanking[[#This Row],[Mote]]&"_"&PuntosRanking[[#This Row],[Máximo]] -> Eduardo_ | H87: Eduardo | I87: =+VLOOKUP(H87&"_1",PuntosRanking[Columna1],1,FALSE) -> Eduardo_1
A88: Enrique | B88: 323 | C88: 5 | E88: =+IF(PuntosRanking[[#This Row],[Torneos]]=MAX(PuntosRanking[Torneos]),1,"") | F88: =+PuntosRanking[[#This Row],[Mote]]&"_"&PuntosRanking[[#This Row],[Máximo]] -> Enrique_ | H88: Enrique | I88: =+VLOOKUP(H88&"_1",PuntosRanking[Columna1],1,FALSE) -> Enrique_1
A89: Fran | B89: 294 | C89: 5 | E89: =+IF(PuntosRanking[[#This Row],[Torneos]]=MAX(PuntosRanking[Torneos]),1,"") | F89: =+PuntosRanking[[#This Row],[Mote]]&"_"&PuntosRanking[[#This Row],[Máximo]] -> Fran_ | H89: Fran | I89: =+VLOOKUP(H89&"_1",PuntosRanking[Columna1],1,FALSE) -> Fran_1
A90: Franck | B90: 55 | C90: 5 | E90: =+IF(PuntosRanking[[#This Row],[Torneos]]=MAX(PuntosRanking[Torneos]),1,"") | F90: =+PuntosRanking[[#This Row],[Mote]]&"_"&PuntosRanking[[#This Row],[Máximo]] -> Franck_ | H90: Franck | I90: =+VLOOKUP(H90&"_1",PuntosRanking[Columna1],1,FALSE) -> Franck_1
A91: Gifu | B91: 559 | C91: 5 | E91: =+IF(PuntosRanking[[#This Row],[Torneos]]=MAX(PuntosRanking[Torneos]),1,"") | F91: =+PuntosRanking[[#This Row],[Mote]]&"_"&PuntosRanking[[#This Row],[Máximo]] -> Gifu_ | H91: Gifu | I91: =+VLOOKUP(H91&"_1",PuntosRanking[Columna1],1,FALSE) -> Gifu_1
A92: Ignacio | B92: 200 | C92: 5 | E92: =+IF(PuntosRanking[[#This Row],[Torneos]]=MAX(PuntosRanking[Torneos]),1,"") | F92: =+PuntosRanking[[#This Row],[Mote]]&"_"&PuntosRanking[[#This Row],[Máximo]] -> Ignacio_ | H92: Ignacio | I92: =+VLOOKUP(H92&"_1",PuntosRanking[Columna1],1,FALSE) -> Ignacio_1
... A110: Virus | B110: 113 | C110: 5 | E110: =+IF(PuntosRanking[[#This Row],[Torneos]]=MAX(PuntosRanking[Torneos]),1,"") | F110: =+PuntosRanking[[#This Row],[Mote]]&"_"&PuntosRanking[[#This Row],[Máximo]] -> Virus_ | H110: JuanSanz | I110: =+VLOOKUP(H110&"_1",PuntosRanking[Columna1],1,FALSE) -> JuanSanz_1
A111: A Zorrilla | C111: 5 | E111: =+IF(PuntosRanking[[#This Row],[Torneos]]=MAX(PuntosRanking[Torneos]),1,"") | F111: =+PuntosRanking[[#This Row],[Mote]]&"_"&PuntosRanking[[#This Row],[Máximo]] -> A Zorrilla_ | H111: A Zorrilla | I111: =+VLOOKUP(H111&"_1",PuntosRanking[Columna1],1,FALSE) -> A Zorrilla_1
A112: Campo | C112: 5 | E112: =+IF(PuntosRanking[[#This Row],[Torneos]]=MAX(PuntosRanking[Torneos]),1,"") | F112: =+PuntosRanking[[#This Row],[Mote]]&"_"&PuntosRanking[[#This Row],[Máximo]] -> Campo_ | H112: Campo | I112: =+VLOOKUP(H112&"_1",PuntosRanking[Columna1],1,FALSE) -> Campo_1
A113: Carlitos | C113: 5 | E113: =+IF(PuntosRanking[[#This Row],[Torneos]]=MAX(PuntosRanking[Torneos]),1,"") | F113: =+PuntosRanking[[#This Row],[Mote]]&"_"&PuntosRanking[[#This Row],[Máximo]] -> Carlitos_ | H113: Carlitos | I113: =+VLOOKUP(H113&"_1",PuntosRanking[Columna1],1,FALSE) -> Carlitos_1
A114: Chiralt | C114: 5 | E114: =+IF(PuntosRanking[[#This Row],[Torneos]]=MAX(PuntosRanking[Torneos]),1,"") | F114: =+PuntosRanking[[#This Row],[Mote]]&"_"&PuntosRanking[[#This Row],[Máximo]] -> Chiralt_ | H114: Chiralt | I114: =+VLOOKUP(H114&"_1",PuntosRanking[Columna1],1,FALSE) -> Chiralt_1
A115: Cuñao | C115: 5 | E115: =+IF(PuntosRanking[[#This Row],[Torneos]]=MAX(PuntosRanking[Torneos]),1,"") | F115: =+PuntosRanking[[#This Row],[Mote]]&"_"&PuntosRanking[[#This Row],[Máximo]] -> Cuñao_ | H115: Cuñao | I115: =+VLOOKUP(H115&"_1",PuntosRanking[Columna1],1,FALSE) -> Cuñao_1
A116: Emi | C116: 5 | E116: =+IF(PuntosRanking[[#This Row],[Torneos]]=MAX(PuntosRanking[Torneos]),1,"") | F116: =+PuntosRanking[[#This Row],[Mote]]&"_"&PuntosRanking[[#This Row],[Máximo]] -> Emi_ | H116: Emi | I116: =+VLOOKUP(H116&"_1",PuntosRanking[Columna1],1,FALSE) -> Emi_1
A117: I Gracia | C117: 5 | E117: =+IF(PuntosRanking[[#This Row],[Torneos]]=MAX(PuntosRanking[Torneos]),1,"") | F117: =+PuntosRanking[[#This Row],[Mote]]&"_"&PuntosRanking[[#This Row],[Máximo]] -> I Gracia_ | H117: I Gracia | I117: =+VLOOKUP(H117&"_1",PuntosRanking[Columna1],1,FALSE) -> I Gracia_1
A118: Jaime | C118: 5 | E118: =+IF(PuntosRanking[[#This Row],[Torneos]]=MAX(PuntosRanking[Torneos]),1,"") | F118: =+PuntosRanking[[#This Row],[Mote]]&"_"&PuntosRanking[[#This Row],[Máximo]] -> Jaime_ | H118: Jaime | I118: =+VLOOKUP(H118&"_1",PuntosRanking[Columna1],1,FALSE) -> Jaime_1
A119: Juan Luis | C119: 5 | E119: =+IF(PuntosRanking[[#This Row],[Torneos]]=MAX(PuntosRanking[Torneos]),1,"") | F119: =+PuntosRanking[[#This Row],[Mote]]&"_"&PuntosRanking[[#This Row],[Máximo]] -> Juan Luis_ | H119: Juan Luis | I119: =+VLOOKUP(H119&"_1",PuntosRanking[Columna1],1,FALSE) -> Juan Luis_1
A120: Santi | C120: 5 | E120: =+IF(PuntosRanking[[#This Row],[Torneos]]=MAX(PuntosRanking[Torneos]),1,"") | F120: =+PuntosRanking[[#This Row],[Mote]]&"_"&PuntosRanking[[#This Row],[Máximo]] -> Santi_ | H120: Santi | I120: =+VLOOKUP(H120&"_1",PuntosRanking[Columna1],1,FALSE) -> Santi_1
A121: JMaestro | C121: 5 | E121: =+IF(PuntosRanking[[#This Row],[Torneos]]=MAX(PuntosRanking[Torneos]),1,"") | F121: =+PuntosRanking[[#This Row],[Mote]]&"_"&PuntosRanking[[#This Row],[Máximo]] -> JMaestro_
A122: Nachete | B122: 1491 | C122: 7 | E122: =+IF(PuntosRanking[[#This Row],[Torneos]]=MAX(PuntosRanking[Torneos]),1,"") | F122: =+PuntosRanking[[#This Row],[Mote]]&"_"&PuntosRanking[[#This Row],[Máximo]] -> Nachete_
A123: Juanjo | B123: 1170 | C123: 7 | E123: =+IF(PuntosRanking[[#This Row],[Torneos]]=MAX(PuntosRanking[Torneos]),1,"") | F123: =+PuntosRanking[[#This Row],[Mote]]&"_"&PuntosRanking[[#This Row],[Máximo]] -> Juanjo_
A124: JuanSanz | B124: 1159 | C124: 7 | E124: =+IF(PuntosRanking[[#This Row],[Torneos]]=MAX(PuntosRanking[Torneos]),1,"") | F124: =+PuntosRanking[[#This Row],[Mote]]&"_"&PuntosRanking[[#This Row],[Máximo]] -> JuanSanz_
A125: Juancho | B125: 940 | C125: 7 | E125: =+IF(PuntosRanking[[#This Row],[Torneos]]=MAX(PuntosRanking[Torneos]),1,"") | F125: =+PuntosRanking[[#This Row],[Mote]]&"_"&PuntosRanking[[#This Row],[Máximo]] -> Juancho_
A126: J.Arcos | B126: 830 | C126: 7 | E126: =+IF(PuntosRanking[[#This Row],[Torneos]]=MAX(PuntosRanking[Torneos]),1,"") | F126: =+PuntosRanking[[#This Row],[Mote]]&"_"&PuntosRanking[[#This Row],[Máximo]] -> J.Arcos_
A127: JP | B127: 788 | C127: 7 | E127: =+IF(PuntosRanking[[#This Row],[Torneos]]=MAX(PuntosRanking[Torneos]),1,"") | F127: =+PuntosRanking[[#This Row],[Mote]]&"_"&PuntosRanking[[#This Row],[Máximo]] -> JP_
A128: Javi | B128: 735 | C128: 7 | E128: =+IF(PuntosRanking[[#This Row],[Torneos]]=MAX(PuntosRanking[Torneos]),1,"") | F128: =+PuntosRanking[[#This Row],[Mote]]&"_"&PuntosRanking[[#This Row],[Máximo]] -> Javi_
A129: Eduardo | B129: 710 | C129: 7 | E129: =+IF(PuntosRanking[[#This Row],[Torneos]]=MAX(PuntosRanking[Torneos]),1,"") | F129: =+PuntosRanking[[#This Row],[Mote]]&"_"&PuntosRanking[[#This Row],[Máximo]] -> Eduardo_
A130: Angel | B130: 624 | C130: 7 | E130: =+IF(PuntosRanking[[#This Row],[Torneos]]=MAX(PuntosRanking[Torneos]),1,"") | F130: =+PuntosRanking[[#This Row],[Mote]]&"_"&PuntosRanking[[#This Row],[Máximo]] -> Angel_
A131: Jorge | B131: 615 | C131: 7 | E131: =+IF(PuntosRanking[[#This Row],[Torneos]]=MAX(PuntosRanking[Torneos]),1,"") | F131: =+PuntosRanking[[#This Row],[Mote]]&"_"&PuntosRanking[[#This Row],[Máximo]] -> Jorge_
A132: Gifu | B132: 554 | C132: 7 | E132: =+IF(PuntosRanking[[#This Row],[Torneos]]=MAX(PuntosRanking[Torneos]),1,"") | F132: =+PuntosRanking[[#This Row],[Mote]]&"_"&PuntosRanking[[#This Row],[Máximo]] -> Gifu_
A133: Monti | B133: 551 | C133: 7 | E133: =+IF(PuntosRanking[[#This Row],[Torneos]]=MAX(PuntosRanking[Torneos]),1,"") | F133: =+PuntosRanking[[#This Row],[Mote]]&"_"&PuntosRanking[[#This Row],[Máximo]] -> Monti_
... A153: Franck | B153: 55 | C153: 7 | E153: =+IF(PuntosRanking[[#This Row],[Torneos]]=MAX(PuntosRanking[Torneos]),1,"") | F153: =+PuntosRanking[[#This Row],[Mote]]&"_"&PuntosRanking[[#This Row],[Máximo]] -> Franck_
A154: A Zorrilla | C154: 7 | E154: =+IF(PuntosRanking[[#This Row],[Torneos]]=MAX(PuntosRanking[Torneos]),1,"") | F154: =+PuntosRanking[[#This Row],[Mote]]&"_"&PuntosRanking[[#This Row],[Máximo]] -> A Zorrilla_
A155: Campo | C155: 7 | E155: =+IF(PuntosRanking[[#This Row],[Torneos]]=MAX(PuntosRanking[Torneos]),1,"") | F155: =+PuntosRanking[[#This Row],[Mote]]&"_"&PuntosRanking[[#This Row],[Máximo]] -> Campo_
A156: Chiralt | C156: 7 | E156: =+IF(PuntosRanking[[#This Row],[Torneos]]=MAX(PuntosRanking[Torneos]),1,"") | F156: =+PuntosRanking[[#This Row],[Mote]]&"_"&PuntosRanking[[#This Row],[Máximo]] -> Chiralt_
A157: Cuñao | C157: 7 | E157: =+IF(PuntosRanking[[#This Row],[Torneos]]=MAX(PuntosRanking[Torneos]),1,"") | F157: =+PuntosRanking[[#This Row],[Mote]]&"_"&PuntosRanking[[#This Row],[Máximo]] -> Cuñao_
A158: Dodero | C158: 7 | E158: =+IF(PuntosRanking[[#This Row],[Torneos]]=MAX(PuntosRanking[Torneos]),1,"") | F158: =+PuntosRanking[[#This Row],[Mote]]&"_"&PuntosRanking[[#This Row],[Máximo]] -> Dodero_
A159: Emi | C159: 7 | E159: =+IF(PuntosRanking[[#This Row],[Torneos]]=MAX(PuntosRanking[Torneos]),1,"") | F159: =+PuntosRanking[[#This Row],[Mote]]&"_"&PuntosRanking[[#This Row],[Máximo]] -> Emi_
A160: I Gracia | C160: 7 | E160: =+IF(PuntosRanking[[#This Row],[Torneos]]=MAX(PuntosRanking[Torneos]),1,"") | F160: =+PuntosRanking[[#This Row],[Mote]]&"_"&PuntosRanking[[#This Row],[Máximo]] -> I Gracia_
A161: Jaime | C161: 7 | E161: =+IF(PuntosRanking[[#This Row],[Torneos]]=MAX(PuntosRanking[Torneos]),1,"") | F161: =+PuntosRanking[[#This Row],[Mote]]&"_"&PuntosRanking[[#This Row],[Máximo]] -> Jaime_
A162: JMaestro | C162: 7 | E162: =+IF(PuntosRanking[[#This Row],[Torneos]]=MAX(PuntosRanking[Torneos]),1,"") | F162: =+PuntosRanking[[#This Row],[Mote]]&"_"&PuntosRanking[[#This Row],[Máximo]] -> JMaestro_
A163: Juan Luis | C163: 7 | E163: =+IF(PuntosRanking[[#This Row],[Torneos]]=MAX(PuntosRanking[Torneos]),1,"") | F163: =+PuntosRanking[[#This Row],[Mote]]&"_"&PuntosRanking[[#This Row],[Máximo]] -> Juan Luis_
A164: Santi | C164: 7 | E164: =+IF(PuntosRanking[[#This Row],[Torneos]]=MAX(PuntosRanking[Torneos]),1,"") | F164: =+PuntosRanking[[#This Row],[Mote]]&"_"&PuntosRanking[[#This Row],[Máximo]] -> Santi_
A165: Tom | C165: 7 | E165: =+IF(PuntosRanking[[#This Row],[Torneos]]=MAX(PuntosRanking[Torneos]),1,"") | F165: =+PuntosRanking[[#This Row],[Mote]]&"_"&PuntosRanking[[#This Row],[Máximo]] -> Tom_
A166: Nachete | B166: 1530 | C166: 8 | E166: =+IF(PuntosRanking[[#This Row],[Torneos]]=MAX(PuntosRanking[Torneos]),1,"") | F166: =+PuntosRanking[[#This Row],[Mote]]&"_"&PuntosRanking[[#This Row],[Máximo]] -> Nachete_
...

Sheet Hoja2
A4: 11 | B4: Nombre | I4: hoyo
A5: (en blanco) | B5: Alejandro Arcos | I5: 1A
B6: Alfonso Hidalgo
B7: Alfonso Zorrilla
B8: Alvaro Aguirre | I8: 1Bis
B9: Alvaro Montoya
B10: Alvaro Nieto
B11: Angel Hernandez
B12: Antonio Carmona | I12: 18
B13: Carlos Hijas
B14: Carlos Maestro
B15: David Sequera
B16: Enrique Gonzalez R | I16: 17A
B17: Francisco Alvarez
B18: Francisco Hidalgo
B19: Franck Benouniche
B20: GLEZ JUAN JOSÉ | I20: 17Bis
B21: Ignacio Cadarso
B22: Ignacio Gracia Charlez
B23: J. Enrique Gonzalez
B24: Jaime Villanueva | I24: 16
B25: Javier Cervera
B26: Javier Chiralt
B27: Javier Gonzalez Salvador
B28: Javier Lopez Gullón | I28: 15
B29: Jesus Touceda
B30: Jorge Alberto Martínez Sánchez
B31: José Pablo Guil
B32: Juan Jose Aguado
B33: Miche Lopez
B34: Nacho Casas
B35: Nacho Gonzalez
B36: Ruslan Kochman
B37: Santi Diaz
B38: Eduardo Buendía
B39: Javier Arcos
B40: Emiliano Buendía
... B44: Jose Antonio Santana

Sheet Asistentes Torneos
A1: Nombre | B1: 2023 | C1: 1 | D1: 2 | E1: 3 | F1: 4 | G1: 5 | H1: 6 | I1: 7 | J1: 8 | K1: 9 | L1: 10 | M1: 11 | P1: Fecha | Q1: 45010 | S1: 3 | T1: 4 | U1: 5 | AC1: Juegan | AF1: Jugador | AG1: 1 | AH1: =+AG1+1 -> 2 | AI1: =+AH1+1 -> 3 | AJ1: =+AI1+1 -> 4 | AK1: =+AJ1+1 -> 5 | AL1: =+AK1+1 -> 6 | AM1: 7 | AN1: 8 | AO1: 9 | AP1: 10 | AQ1: Total
A2: Alejandro Arcos | B2: =+VLOOKUP(A2,dJugador[[#All],[Nombre]:[Nombre y Apellidos]],8,FALSE) -> #REF! | O2: =+VLOOKUP(A2,$P$5:$P$40,1,FALSE) -> Alejandro Arcos | AA2: =+IF(ISERROR(VLOOKUP(Asistente_Torneo[[#This Row],[Nombre]],$AD$1:$AD$41,1,FALSE)),"KO","ok") -> ok | AC2: =+VLOOKUP(AD2,Asistente_Torneo[[Nombre]:[11]],13,FALSE) -> 0 | AD2: =+VLOOKUP(AF2,$AT$2:$AU$34,2,FALSE) -> Nacho Casas | AE2: 7 | AF2: Nachete | AG2: 135 | AI2: 210 | AJ2: 100 | AK2: 330 | AL2: 500 | AO2: 190 | AP2: 330 | AQ2: 1795 | AT2: A Zorrilla 🐺 | AU2: Alfonso Zorrilla | AX2: Alejandro Arcos | AY2: 1 | AZ2: =+VLOOKUP(AX2,$AD$2:$AE$41,2,FALSE) -> 7
A3: Alfonso Hidalgo | B3: =+VLOOKUP(A3,dJugador[[#All],[Nombre]:[Nombre y Apellidos]],8,FALSE) -> #REF! | O3: =+VLOOKUP(A3,$P$5:$P$40,1,FALSE) -> Alfonso Hidalgo | P3: Suma de Handicap | AA3: =+IF(ISERROR(VLOOKUP(Asistente_Torneo[[#This Row],[Nombre]],$AD$1:$AD$41,1,FALSE)),"KO","ok") -> ok | AC3: =+VLOOKUP(AD3,Asistente_Torneo[[Nombre]:[11]],13,FALSE) -> 0 | AD3: =+VLOOKUP(AF3,$AT$2:$AU$34,2,FALSE) -> Eduardo Buendía | AE3: 7 | AF3: Eduardo | AG3: 190 | AH3: 500 | AJ3: 190 | AK3: 68 | AM3: 61 | AN3: 500 | AP3: 72 | AQ3: 1581 | AT3: Alfonso ️‍♂️ | AU3: Alfonso Hidalgo | AX3: Miche Lopez | AY3: 1 | AZ3: =+VLOOKUP(AX3,$AD$2:$AE$41,2,FALSE) -> 7
A4: Alvaro Aguirre | B4: =+VLOOKUP(A4,dJugador[[#All],[Nombre]:[Nombre y Apellidos]],8,FALSE) -> #REF! | O4: =+VLOOKUP(A4,$P$5:$P$40,1,FALSE) -> Alvaro Aguirre | P4: Nombre | Q4: Total | R4: RankHdcp | S4: 1 | T4: 2 | U4: 3 | V4: 1 | W4: 2 | X4: 3 | AA4: =+IF(ISERROR(VLOOKUP(Asistente_Torneo[[#This Row],[Nombre]],$AD$1:$AD$41,1,FALSE)),"KO","ok") -> ok | AC4: =+VLOOKUP(AD4,Asistente_Torneo[[Nombre]:[11]],13,FALSE) -> 0 | AD4: =+VLOOKUP(AF4,$AT$2:$AU$34,2,FALSE) -> Alejandro Arcos | AE4: 7 | AF4: Alex | AG4: 51 | AH4: 190 | AI4: 50 | AJ4: 500 | AK4: 600 | AM4: 77 | AQ4: 1468 | AT4: Alvaro | AU4: Alvaro Nieto | AX4: Eduardo Buendía | AY4: 1 | AZ4: =+VLOOKUP(AX4,$AD$2:$AE$41,2,FALSE) -> 7
